,YEAR,INST_ID,INST_NAME,INST_STATE,EXP_TOT,NASF_AG,NASF_BIO,NASF_COS,NASF_ENG,NASF_HLTH,NASF_MATH,NASF_GEO,NASF_PHY,NASF_PSY,NASF_SOC,NASF_OTH,NASF_MED,RR_AG,RR_BIO,RR_COS,RR_ENG,RR_HLTH,RR_MATH,RR_GEO,RR_PHY,RR_PSY,RR_SOC,RR_OTH,RR_MED,RR_FED,RR_STA,RR_INST,RR_TFUND,NC_FED,NC_STA,NC_INST,NC_TFUND
0,2007,1001,Charles R. Drew University of Medicine & Science,CA,47188,0,0,0,0,40019,0,0,0,0,22906,0,51592,0,0,0,0,0,0,0,0,0,0,0,0,0,0,0,0,0,0,0,0
1,2007,1002,Alabama A&M University,AL,14431,114816,7064,9383,20043,0,3170,0,10000,0,400,11657,0,0,0,0,0,0,0,0,0,0,0,0,0,0,0,0,0,0,0,0,0
2,2007,1003,Alabama State University,AL,1900,0,10608,3500,0,0,2175,0,8009,1664,1664,0,0,0,0,0,0,0,0,0,0,0,0,0,0,0,0,0,0,0,20000000,0,20000000
3,2007,1005,Tuskegee University,AL,11651,95835,28357,13250,153051,18780,0,0,0,0,0,81000,0,0,7522870,0,4005636,0,0,0,0,0,0,0,0,7042014,0,4486492,11528506,9206,0,3826615,3835821
4,2007,1006,The University of Alabama,AL,35129,0,33096,2743,87373,0,0,7119,55303,2992,15705,0,0,0,0,0,0,0,0,0,0,0,0,0,0,0,0,0,0,0,0,0,0
5,2007,1007,University of Alabama at Birmingham,AL,331436,0,282201,286,27148,511159,290,0,11195,10475,1278,0,419081,0,1082020,0,0,1862773,0,0,0,0,0,0,1862773,2616585,0,328208,2944793,0,0,0,0
6,2007,1008,University of Alabama at Huntsville,AL,59231,0,15371,22217,116156,0,4781,12034,67635,1199,0,0,0,0,0,0,0,0,0,0,0,0,0,0,0,0,0,0,0,0,0,0,0
7,2007,1009,University of South Alabama,AL,19308,0,67487,603,15756,27931,272,3568,2752,1892,3860,0,88425,0,0,0,0,0,0,0,0,0,0,0,0,0,0,0,0,3060000,7191000,5049000,15300000
8,2007,1010,Arizona State University,AZ,201955,789,162223,11150,250486,16910,10548,53150,101461,34534,29796,3475,0,0,250000,0,0,0,0,0,1263000,853000,0,0,0,0,0,2366000,2366000,0,0,0,0
9,2007,1011,Northern Arizona University,AZ,27632,6338,43240,700,13095,5283,206,17608,11912,20484,4089,0,0,0,750000,0,0,0,0,0,0,0,0,0,0,0,0,750000,750000,0,0,0,0
10,2007,1012,University of Arizona,AZ,535847,626307,102565,12724,127826,476776,4074,179066,412922,20922,74606,0,403059,7110473,0,0,0,336303,0,993519,3245000,0,0,0,0,0,2409408,9275887,11685295,0,0,18604872,18604872
11,2007,1013,University of Arkansas at Pine Bluff,AR,6774,12000,48500,2750,0,0,4000,0,12740,1500,5800,0,0,0,0,0,0,0,0,0,0,0,0,0,0,0,0,0,0,0,0,0,0
12,2007,1014,Arkansas State University,AR,6007,41181,43000,1500,13120,2500,2800,2000,21623,5200,2450,71431,0,0,403000,0,0,0,0,0,0,0,0,0,0,0,403000,0,403000,0,0,0,0
13,2007,1015,University of Central Arkansas,AR,7002,0,17615,3257,0,8623,1922,0,38025,3287,1653,0,0,0,0,0,0,0,0,0,0,0,0,0,0,0,0,0,0,0,0,0,0
14,2007,1016,University of Arkansas at Little Rock,AR,9331,0,14241,6944,48870,0,0,2000,11200,4984,0,1500,0,0,0,0,0,0,0,0,0,0,0,3000000,0,0,3000000,0,3000000,0,0,0,0
15,2007,1017,University of Arkansas,AR,99271,394481,125857,25380,213540,5098,11358,13397,99045,17073,67139,0,0,0,0,0,0,0,0,0,6165000,0,0,0,0,2000000,0,4165000,6165000,0,0,8300000,8300000
16,2007,1018,University of Arkansas for Medical Sciences,AR,107871,0,107000,0,0,2000,0,0,0,0,0,0,96653,0,0,0,0,0,0,0,0,0,0,0,0,0,0,0,0,0,0,0,0
17,2007,1019,California Institute of Technology,CA,270269,0,190926,17410,182347,0,2561,60156,236881,0,8013,0,0,0,0,0,10212409,0,0,0,0,0,0,0,0,0,0,10212409,10212409,0,0,45622214,45622214
18,2007,1020,California State University-Fullerton,CA,4522,0,16231,0,0,2440,200,4906,13676,1721,8740,0,0,0,800000,0,0,0,0,0,0,0,0,0,0,0,0,800000,800000,0,0,0,0
19,2007,1021,California State University-Long Beach,CA,10322,0,21000,3320,26184,2088,830,438,22700,4682,1240,0,0,0,0,0,0,0,0,0,0,0,0,0,0,0,0,0,0,0,0,0,0
20,2007,1022,California State University-Los Angeles,CA,8956,0,26239,1125,2720,954,823,1278,37504,4559,1615,0,0,0,0,0,0,0,0,0,0,0,0,0,0,0,0,0,0,0,0,0,0
21,2007,1023,California State University-Dominguez Hills,CA,3190,0,4275,808,0,0,0,0,3701,676,692,0,0,0,0,0,0,0,0,0,0,0,0,0,0,0,0,0,0,0,0,0,0
22,2007,1024,California State University-San Bernardino,CA,11120,0,4466,0,0,860,409,392,2108,11524,1352,0,0,0,851621,0,0,0,0,0,402628,0,0,0,0,1254249,0,0,1254249,0,0,0,0
23,2007,1025,California Polytechnic State University-San Luis Obispo,CA,12529,37015,17176,6000,31466,200,600,500,7695,1990,375,2400,0,0,1650000,0,0,0,0,0,0,0,0,0,0,1650000,0,0,1650000,0,0,787500,787500
24,2007,1026,California State Polytechnic University-Pomona,CA,2502,16523,12238,94,15234,0,117,650,871,196,0,0,0,0,0,0,0,0,0,0,0,0,0,0,0,0,0,0,0,0,0,461250,461250
25,2007,1027,California State University-Chico,CA,2767,386,10018,609,2981,0,0,967,3837,724,5288,0,0,0,0,0,0,0,0,0,0,0,0,0,0,0,0,0,0,0,0,0,0
26,2007,1028,California State University-Fresno,CA,9749,11769,13518,105,5126,868,0,1427,7124,5556,3263,0,0,0,0,0,0,0,0,0,0,0,0,0,0,0,0,0,0,0,0,0,0
27,2007,1029,Humboldt State University,CA,6500,27381,22082,202,2008,1591,805,4393,2946,3721,1836,0,0,0,0,0,0,0,0,0,0,0,0,0,0,0,0,0,0,0,0,0,0
28,2007,1030,San Diego State University,CA,73777,10000,90110,2890,1681,71754,8681,4400,33260,44750,8435,1000,0,0,1487000,0,0,0,0,0,390000,0,0,0,0,0,0,1877000,1877000,0,0,0,0
29,2007,1031,California State University-Northridge,CA,7490,0,14721,770,16737,1000,0,336,8267,8982,3473,0,0,0,260920,0,0,0,0,0,660000,0,0,0,0,0,551920,369000,920920,0,9700000,0,9700000
30,2007,1032,San Jose State University,CA,34687,0,11324,808,94579,0,1493,612,5235,260,5280,0,0,0,0,0,0,0,0,0,0,0,0,0,0,0,0,0,0,0,0,0,0
31,2007,1033,Claremont Graduate University,CA,3100,0,0,1156,0,0,442,0,0,2637,1217,0,0,0,0,0,0,0,0,0,0,0,0,0,0,0,0,0,0,0,0,0,0
32,2007,1034,Harvey Mudd College,CA,2301,0,9767,4832,21096,0,5096,0,24427,648,675,0,0,0,0,0,0,0,0,0,0,0,0,0,0,0,0,0,0,0,0,0,0
33,2007,1035,Pomona College,CA,2584,0,40250,10117,0,0,22000,20233,71300,30350,47200,0,0,0,0,0,0,0,0,0,0,0,0,0,0,0,0,0,0,0,0,0,0
34,2007,1036,Loma Linda University,CA,32451,0,71544,0,0,21852,0,0,0,4098,4088,175,94030,0,0,0,0,600000,0,0,0,0,0,0,600000,600000,0,0,600000,0,0,0,0
35,2007,1037,Occidental College,CA,1449,0,48000,0,0,2000,9645,21000,48300,2175,30775,0,0,0,277000,0,0,0,0,0,0,0,0,0,0,0,0,277000,277000,0,0,0,0
36,2007,1038,Stanford University,CA,679196,56449,109243,8186,231436,605960,947,114729,114078,25709,15847,0,605960,0,31699349,0,8764534,5296215,0,2810144,3972000,0,0,0,36995564,0,0,52542242,52542242,0,0,118762213,118762213
37,2007,1039,University of California-Berkeley,CA,546035,33745,723119,33836,569459,104614,38082,80975,350111,93440,295357,0,0,253000,6127000,0,1349000,2260000,0,0,6058000,308000,0,3700000,0,3943000,0,16112000,20055000,0,0,1811000,1811000
38,2007,1040,University of California-Davis,CA,573002,650000,680000,28000,260000,580000,11000,36000,185365,27000,102000,250000,427000,397700,1547294,0,2125394,95693848,0,7463000,2323570,0,630000,0,76452000,0,20133480,90047326,110180806,9142000,206615000,247328000,463085000
39,2007,1041,University of California-Irvine,CA,300229,0,403046,35020,211364,224455,11815,42630,219739,30323,61020,44787,401854,0,250000,0,260000,5179948,0,4575000,0,0,0,0,0,1965000,0,8299948,10264948,0,101058676,32648344,133707020
40,2007,1042,University of California-Los Angeles,CA,811493,0,354093,37516,217345,904373,32803,110012,333351,88329,138873,12988,1049736,0,1552981,0,1048900,1798446,0,628802,0,250000,510874,0,260000,0,0,5790003,5790003,0,92818000,62560000,155378000
41,2007,1043,University of California-Riverside,CA,124820,230008,231193,0,129238,20780,12541,30575,133570,29873,31122,0,0,0,0,0,0,0,0,2625268,1476628,0,0,0,0,0,4101896,0,4101896,0,49371217,0,49371217
42,2007,1044,University of California-San Diego,CA,754766,0,286205,49792,405536,696087,20692,303385,253749,44386,91485,125053,536650,0,297456,400000,0,1134305,0,1644656,14016000,0,860484,0,1134305,0,13126000,5226901,18352901,0,28286121,45321529,73607650
43,2007,1045,University of California-San Francisco,CA,796149,0,319500,0,0,1269700,0,0,0,0,16700,168300,1774200,0,28338100,0,0,39503500,0,0,0,0,400000,610000,68851600,0,0,68851600,68851600,0,0,135000000,135000000
44,2007,1046,University of California-Santa Barbara,CA,174429,0,138309,15479,190953,1872,6497,93915,166224,33277,71840,49467,0,0,10836000,0,688000,0,0,0,0,325799,0,0,0,0,9691000,2158799,11849799,0,10086000,707000,10793000
45,2007,1047,University of California-Santa Cruz,CA,114126,0,82195,14143,84878,0,8883,126074,171512,21736,40596,8197,0,0,0,0,13182799,0,0,0,546000,0,349390,0,0,0,10094322,3983867,14078189,0,0,0,0
46,2007,1048,Santa Clara University,CA,1684,500,11400,300,13800,0,1000,0,9700,3200,4000,0,0,0,0,0,712000,0,0,0,250000,0,0,0,0,0,0,962000,962000,0,0,0,0
47,2007,1049,University of Southern California,CA,450173,0,233627,147707,161773,290492,1404,38095,66417,57294,29624,441,348993,0,2855426,0,1717933,857532,0,0,4353013,0,0,0,1762086,0,0,9783904,9783904,0,0,0,0
48,2007,1050,University of the Pacific,CA,4161,0,12717,1900,12799,12793,2047,4346,14824,2355,2096,0,0,0,0,0,0,0,0,0,0,0,0,0,0,0,0,0,0,0,0,13000000,13000000
49,2007,1052,Colorado School of Mines,CO,28729,0,0,0,75548,0,0,51357,0,0,0,0,0,0,0,0,955522,0,0,0,0,0,0,0,0,100000,100000,755522,955522,0,0,0,0
50,2007,1053,University of Northern Colorado,CO,2566,0,9639,0,0,15488,380,4710,7523,380,760,0,0,0,0,0,0,0,0,0,0,0,0,0,0,0,0,0,0,0,0,0,0
51,2007,1054,Colorado State University,CO,253992,149524,156661,5640,169808,142702,3868,73731,82369,7041,5872,32750,0,0,0,0,0,0,0,0,0,0,0,500000,0,0,61950,438050,500000,550069,0,4998491,5548560
52,2007,1055,University of Colorado at Boulder,CO,250255,0,238351,16433,186532,32866,5621,124760,202604,104655,23570,2664,0,0,0,0,0,0,0,0,0,0,0,0,0,0,0,0,0,0,0,0,0
53,2007,1056,University of Denver,CO,10581,0,39799,331,14613,0,0,272,23905,10658,20324,0,0,0,0,0,0,0,0,0,0,0,0,0,0,0,0,0,0,0,0,0,0
54,2007,1059,University of Hartford,CT,1633,0,4056,1005,12801,1692,528,450,2739,0,0,0,0,0,0,0,0,0,0,0,0,0,0,0,0,0,0,0,0,0,0,0,0
55,2007,1060,Wesleyan University,CT,8170,0,37020,964,0,0,4954,11538,36921,13227,41858,0,0,0,330000,0,0,0,0,0,0,250000,0,0,0,0,0,580000,580000,0,0,0,0
56,2007,1061,Yale University,CT,460075,36634,180779,18099,113699,1199577,14156,37203,210257,52441,58357,86139,1191197,995000,1437000,0,6648000,149443500,0,970000,5305000,17234000,5408000,0,148368500,0,0,187440500,187440500,0,0,17025055,17025055
57,2007,1062,Delaware State University,DE,7016,27728,14232,2160,17206,3469,3778,0,11498,3102,0,18423,0,0,1763000,0,0,0,0,0,0,0,0,0,0,343000,1420000,0,1763000,0,0,0,0
58,2007,1063,University of Delaware,DE,114985,155202,54612,6831,187467,23647,9660,70067,102593,28667,27818,3584,0,481152,263965,0,0,0,1431176,271300,29735000,0,0,0,0,0,12000000,20182593,32182593,503000,0,2220000,2723000
59,2007,1064,American University,DC,2410,0,7240,17605,0,1140,16250,41711,0,6898,75000,4409,0,0,0,0,0,0,0,0,0,0,0,0,0,0,0,0,0,0,0,0,0
60,2007,1065,The Catholic University of America,DC,17662,0,19793,8298,32904,1764,0,0,34359,4423,1689,0,0,0,0,0,0,0,0,0,0,0,0,0,0,0,0,0,0,0,0,0,0
61,2007,1067,George Washington University,DC,113982,0,10839,9188,29056,96343,2699,7190,28411,7578,7443,3149,96343,0,2000000,0,6900000,54000000,0,0,3700000,500000,0,500000,0,0,0,67600000,67600000,0,0,0,0
62,2007,1068,Georgetown University,DC,118558,0,167682,358,0,150986,160,0,23071,2740,8983,0,303085,0,6112439,375000,0,2139254,375000,0,7502908,0,0,0,7413600,666665,0,15837936,16504601,0,0,0,0
63,2007,1069,Howard University,DC,36465,0,150000,10100,39743,500949,8396,8859,15415,16411,45917,0,106337,0,250000,0,0,0,0,0,300000,0,0,0,0,0,0,550000,550000,0,0,0,0
64,2007,1071,Florida Institute of Technology,FL,7684,0,37600,5000,64900,0,2000,10000,60000,14000,0,0,0,0,0,0,0,0,0,0,0,0,0,0,0,0,0,0,0,0,0,0,0
65,2007,1072,Embry-Riddle Aeronautical University,FL,13957,0,0,500,500,0,500,500,500,0,0,0,0,0,0,0,0,0,0,0,0,0,0,0,0,0,0,0,0,0,0,0,0
66,2007,1073,Florida A&M University,FL,34293,97274,33894,19479,52415,40000,8000,0,30000,1000,1000,0,0,0,0,0,0,0,0,0,3000000,0,0,0,0,0,0,3000000,3000000,0,0,0,0
67,2007,1074,Florida Atlantic University,FL,28896,12880,55896,1000,13660,13451,2420,4508,17249,16980,1118,17719,0,0,0,0,0,0,0,0,0,0,0,0,0,0,0,0,0,0,27590,613235,640825
68,2007,1075,Florida State University,FL,185633,0,40973,4364,56672,47807,2973,78786,146318,17803,1966,0,3000,0,0,0,0,0,0,0,0,0,0,0,0,0,0,0,0,0,0,0,0
69,2007,1076,Nova Southeastern University,FL,6445,0,0,0,0,49233,0,23300,0,5000,0,0,45000,0,0,0,0,0,0,0,0,0,0,0,0,0,0,0,0,0,0,0,0
70,2007,1077,University of Florida,FL,565491,987696,550739,0,430598,615290,14238,17565,203281,31526,26419,0,731733,0,0,0,0,4100000,0,0,0,0,0,0,4100000,0,0,4100000,4100000,3600000,78955655,0,82555655
71,2007,1078,University of Miami,FL,213516,64478,110721,175,13561,354518,0,35664,27014,27461,458,0,446872,0,13000000,0,0,15800000,0,0,0,0,0,0,15800000,2720000,0,26080000,28800000,0,0,180000000,180000000
72,2007,1079,University of South Florida,FL,285941,7393,42299,6625,81629,338301,1027,118364,55079,22621,49463,0,338301,0,0,0,0,4349465,0,0,0,0,0,0,4349465,3549465,400000,400000,4349465,429732,0,0,429732
73,2007,1080,Albany State University,GA,1455,0,5123,1521,0,0,859,0,2570,851,1100,0,0,0,0,0,0,0,0,0,0,0,0,0,0,0,0,0,0,0,0,0,0
74,2007,1081,Clark Atlanta University,GA,11155,11032,56937,28043,0,0,5650,4025,12825,0,0,0,0,0,0,0,0,0,0,0,0,0,0,0,0,0,0,0,0,0,0,0,0
75,2007,1082,Emory University,GA,345989,0,442800,0,14100,894000,29300,0,112500,120500,49200,0,1014300,0,0,0,0,7055000,0,0,0,0,0,0,7055000,0,0,7055000,7055000,0,0,0,0
76,2007,1083,Fort Valley State University,GA,2570,96339,7827,3561,0,0,0,4807,575,767,0,0,0,0,0,0,0,0,0,0,0,0,0,0,0,0,0,0,0,0,0,0,0
77,2007,1084,Georgia Southern University,GA,1812,176,17175,0,0,626,410,1479,10318,2034,0,0,0,0,0,0,0,0,0,0,0,0,0,0,0,0,0,0,0,0,0,0,0
78,2007,1085,Georgia State University,GA,52690,0,55322,5640,0,7150,3875,4597,54569,19245,48134,0,0,0,2195000,0,0,668750,0,700000,565000,668750,668750,0,0,0,5466250,0,5466250,0,731291,639880,1371171
79,2007,1086,Medical College of Georgia,GA,61174,0,179058,0,0,28691,0,0,0,0,0,0,173720,0,800081,0,0,0,0,0,0,0,0,0,800081,0,279666,520415,800081,0,0,0,0
80,2007,1087,Morehouse College,GA,6008,1500,9895,2062,0,507,640,0,8772,4626,500,0,0,0,0,0,0,0,746050,0,746050,763984,0,0,0,2000000,0,256084,2256084,0,0,0,0
81,2007,1089,Savannah State University,GA,2342,4232,16331,4951,2802,0,0,4178,10494,0,0,0,0,0,351262,0,0,0,0,0,794837,0,0,0,0,0,1146099,0,1146099,0,0,0,0
82,2007,1090,Spelman College,GA,3084,600,16024,5036,1134,0,6434,6863,39941,800,0,0,0,0,0,0,0,0,0,0,0,0,0,0,0,0,0,0,0,0,0,0,0
83,2007,1091,University of Georgia,GA,323843,1953470,489001,2044,120720,399915,981,114229,105049,40176,16366,216156,0,0,0,0,0,0,0,1685000,0,0,0,0,0,0,1685000,0,1685000,1490000,400000,400000,2290000
84,2007,1092,State University of West Georgia,GA,1042,0,0,4505,0,1200,0,0,0,1200,0,0,0,0,0,0,0,0,0,0,0,0,0,0,0,0,0,0,0,0,0,0,0
85,2007,1093,University of Hawaii at Manoa,HI,249635,156034,95228,18374,65215,223656,4050,277978,202709,13931,55444,0,194585,4950000,7762000,0,3855000,0,0,1962000,405000,250000,0,0,0,0,19184000,0,19184000,0,11000000,0,11000000
86,2007,1094,Boise State University,ID,7848,0,20985,404,18563,0,2798,3266,11428,4022,2352,0,0,0,307357,0,419315,0,0,0,0,0,0,0,0,0,0,726672,726672,0,0,0,0
87,2007,1095,Idaho State University,ID,16754,0,47400,0,22130,36421,3000,17028,40553,2628,6506,0,0,0,0,0,0,0,0,0,0,0,0,0,0,0,0,0,0,0,0,0,0
88,2007,1096,University of Idaho,ID,86863,607145,91957,15217,140052,4635,14555,43271,63545,9256,23222,23517,0,583000,0,0,405852,0,0,0,742945,0,0,0,0,0,742945,988852,1731797,1690425,650000,1100000,3440425
89,2007,1097,Bradley University,IL,1905,0,22566,5480,12930,1720,0,0,12722,2959,297,887,0,0,0,0,0,0,0,0,0,0,0,0,0,0,0,0,0,0,0,0,0
90,2007,1098,Midwestern University,IL,2786,0,66500,0,0,33500,0,0,0,0,0,0,66500,0,0,0,0,0,0,0,0,0,0,0,0,0,0,0,0,0,0,1487627,1487627
91,2007,1099,Rosalind Franklin University of Medicine & Science,IL,10981,0,383971,0,0,15000,0,0,0,0,0,0,383971,0,250000,0,0,0,0,0,0,0,0,0,0,0,0,250000,250000,0,0,0,0
92,2007,1100,DePaul University,IL,3957,0,8942,9622,0,0,0,2200,2633,0,0,0,0,0,0,0,0,0,0,0,0,0,0,0,0,0,0,0,0,0,9000000,16380000,25380000
93,2007,1101,Illinois Institute of Technology,IL,22646,0,8548,2993,57560,0,1450,0,18078,2642,0,0,0,0,0,0,0,0,0,0,0,0,0,0,0,0,0,0,0,0,0,0,0
94,2007,1102,Illinois State University,IL,4874,105236,121645,0,0,3200,2913,0,1268,2391,0,0,0,0,0,0,0,0,0,0,0,0,0,0,0,0,0,0,0,0,0,0,0
95,2007,1103,Chicago State University,IL,2119,1500,3300,3675,0,0,0,4227,1600,0,0,0,0,0,0,0,0,0,0,0,0,0,0,0,0,0,0,0,0,0,0,0,0
96,2007,1104,Loyola University Chicago,IL,37669,6421,104161,21,0,26633,184,0,32584,13590,1929,30599,97889,0,802563,0,0,0,0,0,0,0,0,0,323160,0,0,802563,802563,0,0,0,0
97,2007,1105,Northern Illinois University,IL,16627,0,42028,9366,46460,0,13220,24418,57503,39169,47594,0,0,0,0,0,0,0,0,0,0,0,0,0,0,0,0,0,0,0,0,0,0
98,2007,1106,Northwestern University,IL,419985,0,204553,0,167070,197094,3530,1852,127597,10842,2210,0,286959,0,12505456,0,1200000,32811706,0,350000,2489385,1550137,0,0,45317162,0,8000000,42906684,50906684,1857227,0,66122773,67980000
99,2007,1107,Southern Illinois University Carbondale,IL,74520,129191,69502,102,39408,42024,89,6458,28926,10432,4418,4536,38229,0,0,0,0,0,0,0,0,0,0,0,0,0,0,0,0,0,0,0,0
100,2007,1108,Southern Illinois University Edwardsville,IL,23737,0,26845,0,0,4000,0,0,1000,0,0,0,0,0,0,0,0,0,0,0,0,0,0,0,0,0,0,0,0,0,0,0,0
101,2007,1109,University of Chicago,IL,305301,0,393701,7370,0,433489,4650,10430,192720,36260,49140,9153,423000,0,20000000,15199900,0,6000000,0,0,37288300,0,0,0,6000000,0,0,78488200,78488200,22000000,7000000,0,29000000
102,2007,1110,University of Illinois at Urbana-Champaign,IL,476198,557000,826100,920800,930200,40500,23100,154000,526800,154000,187000,0,0,3000000,4500000,300000,550000,260000,0,750000,5500000,260000,0,0,0,0,5000000,10120000,15120000,0,20900000,75900000,96800000
103,2007,1111,University of Illinois at Chicago,IL,332176,690,322808,23039,107619,494905,9857,12843,82185,23445,12469,37045,423530,0,395656,0,2379371,9934901,0,0,0,0,0,1057905,4772653,4735813,0,9032020,13767833,0,0,0,0
104,2007,1112,Western Illinois University,IL,1154,1890,10103,1000,800,4100,1561,3800,14431,25500,3275,0,0,0,0,0,0,0,0,0,0,0,0,0,0,0,0,0,0,0,0,0,0
105,2007,1113,Ball State University,IN,8625,4944,20267,587,0,11866,0,6265,18796,2748,10630,2139,0,0,0,0,0,0,0,0,0,0,0,0,0,0,0,0,0,0,0,0,0
106,2007,1114,Indiana State University,IN,2271,0,31145,3839,0,0,6701,12987,8694,5069,571,3450,0,0,0,0,0,0,0,0,0,0,0,0,0,0,0,0,0,0,0,0,0
107,2007,1115,Rose-Hulman Institute of Technology,IN,4700,0,750,250,250,0,0,250,750,0,0,0,0,0,0,0,0,0,0,0,0,0,0,0,0,0,0,0,0,0,0,0,0
108,2007,1116,University of Notre Dame,IN,78553,0,102338,3303,93858,0,13541,0,37674,9541,3581,0,0,0,1529000,0,365779,0,0,0,3238000,351000,0,0,0,1529000,0,3954779,5483779,1704863,0,24823137,26528000
109,2007,1119,Iowa State University,IA,221998,1065723,220788,6120,180940,4172,2740,5915,35620,3854,22298,0,0,778000,630077,0,300000,0,0,0,0,0,0,0,0,0,0,1708077,1708077,0,4804435,10109065,14913500
110,2007,1120,University of Northern Iowa,IA,1205,0,90163,137885,0,0,0,823,14835,1555,5006,1353,0,0,1040820,0,0,0,0,0,1329600,0,0,0,0,298320,2072100,0,2370420,0,0,0,0
111,2007,1121,University of Iowa,IA,346357,0,184345,1168,128391,321109,1197,6418,89948,19476,6243,2296,359449,0,2745050,0,0,4755067,0,0,0,360914,0,0,6945050,0,1889000,5972031,7861031,0,0,0,0
112,2007,1122,Pittsburg State University,KS,2810,1079,23297,0,2882,0,0,0,4922,5481,0,0,0,0,0,0,0,0,0,0,0,0,0,0,0,0,0,0,0,0,0,5200000,5200000
113,2007,1123,Kansas State University,KS,123746,253251,229854,19704,221871,90848,17556,13583,165626,21760,34946,0,0,0,0,0,0,0,0,0,0,0,0,0,0,0,0,0,0,0,0,0,0
114,2007,1124,Wichita State University,KS,31873,0,16652,0,145477,7065,0,7998,27458,5388,6256,0,0,0,0,0,0,0,0,0,0,0,0,0,0,0,0,0,0,0,10000000,2137477,12137477
115,2007,1126,Kentucky State University,KY,3340,36281,12599,0,0,0,0,0,0,0,0,0,0,0,0,0,0,0,0,0,0,0,0,0,0,0,0,0,0,0,0,0,0
116,2007,1127,Murray State University,KY,3364,40799,26082,7307,6073,0,13039,500,9869,1107,2584,0,0,0,320525,0,0,0,0,0,0,0,0,0,0,0,320525,0,320525,0,10400000,0,10400000
117,2007,1128,University of Louisville,KY,135873,0,110097,0,56023,216282,0,0,53618,19601,6986,0,275908,0,2410000,0,0,264000,0,0,0,0,0,0,2410000,0,0,2674000,2674000,22355000,62908000,23367000,108630000
118,2007,1129,Western Kentucky University,KY,8701,4867,13113,3528,18049,0,5021,9999,31021,1668,0,0,0,0,0,0,0,0,0,0,0,0,0,0,0,0,0,0,0,0,0,0,0
119,2007,1132,Louisiana Tech University,LA,15276,12620,14719,5417,96231,5072,4240,0,18580,176,3235,0,0,0,0,0,0,0,0,0,0,0,0,0,0,0,0,0,0,900000,0,0,900000
120,2007,1133,Louisiana State University,LA,246093,3052,135851,4968,146943,75295,1857,91956,63360,5243,9032,12124,0,0,0,0,0,0,0,0,0,0,0,0,0,0,0,0,0,0,0,0,0
121,2007,1134,Louisiana State University Health Sciences Center,LA,79927,0,76349,0,0,114525,0,0,0,0,0,0,190874,0,1800000,0,0,5000000,0,0,0,0,0,0,1600000,0,6700000,100000,6800000,0,0,0,0
122,2007,1135,University of New Orleans,LA,17298,0,22515,1550,7960,0,2295,8508,44320,5685,11394,0,0,0,0,0,0,0,0,0,0,0,0,0,0,0,0,0,0,0,0,0,0
123,2007,1136,University of Louisiana at Monroe,LA,4376,0,5550,0,0,9113,0,0,0,0,0,0,0,0,0,0,0,3768000,0,0,0,0,0,0,0,0,3768000,0,3768000,0,0,0,0
124,2007,1137,Southern University and A&M College at Baton Rouge,LA,4350,18000,20000,22794,65000,2476,6100,0,26000,2082,15322,0,0,0,0,0,0,0,0,0,0,0,0,0,0,0,0,0,0,0,0,0,0
125,2007,1138,Tulane University,LA,114397,0,98004,0,22443,117075,2456,2362,25672,2208,826,140390,163788,0,0,0,0,0,0,0,0,0,0,3350000,0,1943000,402000,1005000,3350000,30281800,6265200,15663000,52210000
126,2007,1139,University of Louisiana at Lafayette,LA,47308,9600,464988,22978,16626,2026,5558,2000,7509,5800,0,0,0,0,0,0,0,0,0,0,0,0,0,0,0,0,0,0,0,0,0,0,0
127,2007,1140,Xavier University of Louisiana,LA,3982,0,8384,1436,1007,29904,500,0,9259,500,0,0,0,0,0,0,0,0,0,0,0,0,0,0,0,0,0,0,0,0,0,0,0
128,2007,1141,Bates College,ME,1549,0,12497,0,0,0,280,4212,9353,336,1176,4256,0,0,0,0,0,0,0,0,904000,0,0,250000,0,0,0,1154000,1154000,0,0,0,0
129,2007,1144,University of Maine,ME,93153,229221,106569,8306,186228,0,352,24219,33735,22538,3231,0,0,0,0,0,0,0,0,0,0,0,0,0,0,0,0,0,0,0,1300000,0,1300000
130,2007,1145,Bowie State University,MD,1951,0,1392,3069,0,0,0,0,456,0,0,0,0,0,0,0,0,0,0,0,0,0,0,0,0,0,0,0,0,0,0,0,0
131,2007,1146,The Johns Hopkins University,MD,1499977,0,461794,98503,950980,182620,22138,19000,100000,21000,10500,604260,933499,0,7008750,0,2730000,0,0,0,0,0,0,13016250,20025000,2200000,0,20555000,22755000,0,460773,6121697,6582470
132,2007,1148,Morgan State University,MD,13523,2935,48582,3356,36780,4026,2977,439,35016,6651,42675,0,0,0,0,0,0,0,0,0,0,0,0,0,0,0,0,0,0,0,0,0,0
133,2007,1150,University of Maryland College Park,MD,354244,331146,128640,30128,215889,11246,14765,30423,163265,25786,36064,0,0,526238,6291146,0,0,0,0,0,4836502,0,0,0,0,0,825000,10828886,11653886,0,0,7803400,7803400
134,2007,1151,University of Maryland Baltimore,MD,405260,0,144360,0,0,472731,0,0,0,0,13800,0,522664,0,0,0,0,0,0,0,0,0,0,0,0,0,0,0,0,0,0,0,0
135,2007,1152,University of Maryland Baltimore County,MD,65718,0,40716,36924,35079,324,4281,7999,56506,17066,18150,25261,0,0,0,0,0,0,0,0,0,0,0,0,0,0,0,0,0,0,0,0,0
136,2007,1154,Amherst College,MA,3388,0,14000,1900,0,0,1600,4400,20000,1700,6400,0,0,0,0,0,0,0,0,0,0,0,0,0,0,0,0,0,0,0,0,0,0
137,2007,1155,Boston College,MA,35659,0,27866,0,0,1213,140,6323,49475,3500,8571,0,0,0,326507,0,0,0,0,0,7291636,0,0,0,0,0,0,7618143,7618143,0,0,0,0
138,2007,1156,Boston University,MA,255615,0,223583,7418,70208,208878,4894,18929,111672,13414,7261,0,291496,0,8750000,0,3535000,1150000,0,0,1650000,656000,0,0,5000000,0,0,15741000,15741000,141500000,0,56000000,197500000
139,2007,1157,Brandeis University,MA,57017,0,95743,3969,0,0,1045,0,33997,12692,6152,0,0,0,0,0,0,0,0,0,0,0,0,0,0,0,0,0,0,2000000,0,55980000,57980000
140,2007,1158,Clark University,MA,5304,0,15000,0,0,0,2000,0,3000,10000,8000,0,0,0,0,0,0,0,0,0,0,0,0,0,0,0,0,0,0,0,0,0,0
141,2007,1159,Harvard University,MA,453156,19208,988965,27534,157009,65979,52197,80482,377417,61914,318107,126140,675406,829363,48801677,546833,17817136,2124718,1093666,5339158,22949923,1666777,2782148,5468328,36455519,0,0,109419727,109419727,0,0,8903520,8903520
142,2007,1160,University of Massachusetts Lowell,MA,27635,0,12445,6508,60264,38331,0,10550,55371,1000,23507,0,0,0,0,0,0,0,0,0,0,0,0,0,0,0,0,0,0,0,0,0,0
143,2007,1161,New England College of Optometry,MA,1711,0,3786,0,0,4391,0,0,0,0,0,0,0,0,0,0,0,0,0,0,0,0,0,0,0,0,0,0,0,0,0,0,0
144,2007,1163,Mount Holyoke College,MA,2563,0,10096,653,0,0,1030,4780,11368,10737,0,0,0,0,0,0,0,0,0,0,0,0,0,0,0,0,0,0,0,0,0,0,0
145,2007,1164,Northeastern University,MA,66495,0,50110,5757,59272,30277,0,0,37862,13086,5945,0,0,0,1750000,0,750000,1000000,0,0,1200000,500000,0,0,0,0,0,5200000,5200000,0,0,0,0
146,2007,1165,Smith College,MA,3884,0,16114,926,3318,0,1099,9604,27042,11151,2723,0,0,0,0,1100000,800000,0,0,0,860000,0,0,0,0,0,0,2760000,2760000,0,0,0,0
147,2007,1166,University of Massachusetts Dartmouth,MA,19171,0,5632,1275,26654,518,0,10049,11612,1029,0,0,0,0,0,0,0,0,0,0,0,0,0,0,0,0,0,0,0,0,0,0,0
148,2007,1167,Tufts University,MA,128965,0,51555,1455,53328,216536,3500,4180,43929,9377,10900,0,162912,0,1117733,0,0,9540622,0,0,1688649,0,0,0,7560622,0,0,12347004,12347004,0,0,0,0
149,2007,1168,University of Massachusetts Amherst,MA,136057,162048,102979,37893,179138,23273,4685,18366,95936,37608,17496,0,0,525531,6027895,1417887,746034,539350,1497120,1087534,4514885,1248000,1292836,0,0,0,4886995,14010077,18897072,1409445,0,11558365,12967810
150,2007,1169,University of Massachusetts Boston,MA,21056,0,44490,2815,2625,5850,0,9827,25669,8907,23254,0,0,0,0,0,0,760000,0,0,0,0,0,0,0,0,0,760000,760000,0,0,750000,750000
151,2007,1170,Wellesley College,MA,4032,0,3610,275,0,0,40,500,2830,80,225,0,0,0,0,0,0,0,0,0,0,0,0,0,0,0,0,0,0,0,0,0,0
152,2007,1171,Williams College,MA,4074,0,31566,8200,0,0,9955,20258,60333,12444,0,0,0,0,0,0,0,0,0,0,0,0,0,0,0,0,0,0,0,0,0,0,0
153,2007,1172,Woods Hole Oceanographic Institution,MA,121888,0,60447,1344,55600,0,0,47617,93399,0,0,0,0,0,4100000,0,683000,0,0,283000,1653000,0,0,0,0,0,0,6719000,6719000,0,0,0,0
154,2007,1173,Worcester Polytechnic Institute,MA,14483,0,27000,400,65000,0,4800,0,31470,500,0,450,0,0,0,0,0,0,0,0,0,0,0,0,0,0,0,0,0,0,0,19250000,19250000
155,2007,1174,Calvin College,MI,1540,0,5370,786,16694,204,428,2164,5940,2278,1623,0,0,0,0,0,0,0,0,0,0,0,0,0,0,0,0,0,0,0,0,0,0
156,2007,1176,Eastern Michigan University,MI,3580,576,9544,1250,6730,2785,1485,1104,8439,1265,1622,0,0,0,0,0,0,0,0,0,0,0,0,0,0,0,0,0,0,0,0,0,0
157,2007,1178,Grand Valley State University,MI,3375,0,3898,1500,918,2000,300,21595,1349,295,0,0,0,0,0,0,0,0,0,0,0,0,0,0,0,0,0,0,0,0,0,3000000,3000000
158,2007,1179,Hope College,MI,2926,0,21040,1747,7000,7453,2705,3680,19900,7520,0,24650,0,0,0,0,0,0,0,0,0,0,0,0,0,0,0,0,0,0,0,0,0
159,2007,1180,Michigan State University,MI,358097,1188620,468360,4330,135400,207790,13610,18290,194170,22500,36030,0,146740,1019000,373760,0,2245000,880580,0,0,3681000,0,0,0,994340,0,364380,7834960,8199340,0,435000,6230700,6665700
160,2007,1181,Michigan Technological University,MI,43081,40541,17608,5430,214447,0,1073,8429,26444,695,3601,427,0,0,0,0,0,0,0,0,0,0,0,0,0,0,0,0,0,0,0,0,0
161,2007,1182,Oakland University,MI,9169,0,12623,2076,17760,1965,601,0,17903,722,7,8824,0,0,0,0,0,0,0,0,0,0,0,0,0,0,0,0,0,0,0,0,0
162,2007,1183,Wayne State University,MI,220731,0,171389,8464,98253,264502,5171,717,110592,14454,18934,0,56333,0,13410000,0,0,0,0,0,300000,0,0,0,8635000,3087800,0,10622200,13710000,0,6167425,5046075,11213500
163,2007,1184,Western Michigan University,MI,18005,0,10253,2282,29233,0,3112,10344,31756,1913,3006,1454,0,0,0,0,0,0,0,0,0,0,0,0,0,0,0,0,0,0,0,0,0
164,2007,1185,Carleton College,MN,1785,1387,31865,1822,0,0,0,2369,13268,8450,0,0,0,0,0,806876,0,0,0,0,0,0,0,0,0,0,0,806876,806876,0,0,0,0
165,2007,1186,Macalester College,MN,2351,2630,19481,4960,0,0,2480,19350,32562,11712,6783,0,0,0,0,0,0,0,0,0,0,0,0,0,0,0,0,0,0,0,0,0,0
166,2007,1188,St. Cloud State University,MN,2224,13016,10077,2010,1339,770,0,0,5589,3374,8803,0,0,0,0,0,0,0,0,0,0,0,0,0,0,0,0,0,0,0,4633146,0,4633146
167,2007,1189,Alcorn State University,MS,6593,81557,8357,0,0,0,0,0,11139,1300,0,0,0,13000000,0,0,0,0,0,0,0,0,0,0,0,0,0,13000000,13000000,0,0,13000000,13000000
168,2007,1191,Mississippi State University,MS,189917,1111202,97146,11118,523267,215980,11662,26126,89675,21347,75159,6684,0,0,0,0,2419000,0,0,0,0,0,0,0,0,0,0,2419000,2419000,0,6300000,404002,6704002
169,2007,1194,University of Southern Mississippi,MS,39163,0,19000,5500,5000,0,4800,36000,58000,0,0,0,0,0,0,0,0,0,0,0,0,0,0,0,0,0,0,0,0,0,0,0,0
170,2007,1195,Kansas City University of Medicine and Biosciences,MO,1183,0,24889,0,0,9118,0,0,0,0,0,0,9118,0,0,0,0,0,0,0,0,0,0,0,0,0,0,0,0,0,0,0,0
171,2007,1197,Lincoln University,MO,5395,52437,1266,0,0,0,0,0,1888,0,0,0,0,0,0,0,0,0,0,0,0,0,0,0,0,0,0,0,0,0,0,0,0
172,2007,1198,Missouri State University,MO,5188,10285,17849,0,2985,4379,0,2888,6436,4907,3862,0,0,0,0,0,0,0,0,0,12000000,0,0,0,0,12000000,0,0,12000000,0,0,0,0
173,2007,1199,University of Missouri,MO,215240,675746,242669,10859,99430,304385,5024,11352,99529,31870,68939,0,130509,0,0,0,8362744,0,0,0,0,0,0,0,0,0,0,8362744,8362744,500000,320000,8259506,9079506
174,2007,1200,Missouri University of Science and Technology,MO,37384,0,7630,4009,93502,0,1000,0,39903,649,1025,97540,0,0,0,0,913874,0,0,0,0,0,0,0,0,0,0,913874,913874,1188000,9000000,7213749,17401749
175,2007,1201,University of Missouri-Kansas City,MO,26016,0,68039,23158,30847,302495,3046,12865,57537,14055,2428,19910,123269,0,1072076,0,0,0,0,0,0,0,0,0,750000,0,353785,718291,1072076,0,0,0,0
176,2007,1202,University of Missouri-St. Louis,MO,11713,0,50000,80000,10000,40000,10000,0,20000,40000,30000,0,0,0,250000,5000000,0,0,0,0,0,0,0,0,0,1000000,1000000,3250000,5250000,10000000,10000000,18500000,38500000
177,2007,1203,Washington University in St. Louis,MO,547674,0,361571,14266,37846,608724,649,24079,56462,20530,7317,3256,928774,0,26933411,0,520500,9593072,0,530871,3744433,471750,0,0,36175714,0,0,41794037,41794037,0,0,0,0
178,2007,1204,Montana Tech of The University of Montana,MT,6372,0,4800,0,13146,0,0,900,4376,0,0,0,0,0,0,0,0,0,0,0,0,0,0,0,0,0,0,0,0,0,0,0,0
179,2007,1205,Montana State University-Bozeman,MT,112428,134000,187000,2000,47500,400,500,6500,55500,0,3700,0,0,0,2583357,0,0,0,0,0,0,0,0,0,0,700000,0,1883357,2583357,0,0,24000000,24000000
180,2007,1206,The University of Montana,MT,52903,58043,60465,1280,0,51738,6169,12708,34283,1097,4673,0,0,0,965150,0,0,0,0,0,0,0,0,0,0,0,965150,0,965150,0,0,0,0
181,2007,1207,Creighton University,NE,25615,0,71559,9078,0,347014,9077,1939,45317,15857,6985,0,194000,0,5802600,0,0,0,0,0,0,460000,0,0,1500000,537414,0,5725186,6262600,0,0,0,0
182,2007,1208,University of Nebraska-Omaha,NE,8623,0,18980,383,707,2899,58,1666,3244,9642,558,0,0,0,0,0,0,0,0,0,0,0,0,0,0,0,0,0,0,0,0,0,0
183,2007,1209,University of Nebraska-Lincoln,NE,215850,1096980,235220,30526,213214,111788,15540,101505,220846,46719,3990,0,0,8093743,276750,2866900,1375783,0,0,302546,2423691,0,400548,0,0,3831464,2803436,9105061,15739961,0,0,7450452,7450452
184,2007,1210,"University of Nevada, Reno",NV,98917,137237,101182,962,99198,23156,184,41617,87251,8713,11267,13171,68534,1884576,390598,0,0,1075489,0,0,0,0,0,0,3350663,1564527,814203,971933,3350663,0,0,0,0
185,2007,1211,"University of Nevada, Las Vegas",NV,57031,1275,21794,4843,25924,8085,312,21420,24180,4678,13405,1002,0,0,0,0,0,0,0,0,0,0,0,0,0,0,0,0,0,0,2382991,59356550,61739541
186,2007,1213,University of New Hampshire,NH,115117,27846,40841,2255,57153,51000,780,21068,7645,51181,0,0,0,403000,0,0,0,0,0,0,0,0,0,0,0,0,0,403000,403000,12953500,1660610,292908,14907018
187,2007,1214,University of Medicine and Dentistry of New Jersey,NJ,245771,0,740205,0,0,15094,0,0,0,0,0,0,677093,0,3473333,0,0,0,0,0,0,0,0,0,3473333,0,0,3473333,3473333,25709305,0,13357582,39066887
188,2007,1215,New Jersey Institute of Technology,NJ,77583,0,12593,7549,59030,0,132,1688,24507,0,235,0,0,0,0,0,0,0,0,0,0,0,0,0,0,0,0,0,0,0,0,0,0
189,2007,1216,Princeton University,NJ,188165,0,131383,12968,137759,0,8755,34656,144867,25670,29327,0,0,0,6569000,0,1528000,0,0,5459000,2492000,0,258000,0,0,0,0,16306000,16306000,0,0,166400000,166400000
190,2007,1217,Seton Hall University,NJ,2395,0,10365,300,0,0,1600,0,15259,4920,1920,0,0,0,0,0,0,0,0,0,0,0,0,0,0,0,0,0,0,0,0,0,0
191,2007,1218,Stevens Institute of Technology,NJ,25848,0,5000,10000,220000,0,12000,40000,40000,0,0,0,0,0,0,0,250000,0,250000,0,500000,0,0,0,0,0,0,1000000,1000000,0,0,0,0
192,2007,1219,New Mexico Highlands University,NM,1419,0,10541,534,0,0,0,1000,13985,976,0,1470,0,0,0,0,0,0,0,0,0,0,0,0,0,0,0,0,0,0,0,0,0
193,2007,1220,New Mexico Institute of Mining and Technology,NM,73792,0,5984,11797,120152,0,3781,66926,47325,3482,0,0,0,0,0,0,0,0,0,0,0,0,0,0,0,0,0,0,0,0,0,0,0
194,2007,1221,University of New Mexico,NM,181223,0,112308,7656,83296,118016,2090,53316,0,7405,37261,0,139691,0,7285000,1188384,0,0,0,0,0,0,0,0,0,0,1188384,7285000,8473384,6545514,10550000,0,17095514
195,2007,1223,City University of New York Brooklyn College,NY,4621,0,93099,18793,0,0,10099,1136,112419,49733,23660,5156,0,0,0,0,0,0,0,0,0,0,0,0,0,0,0,0,0,0,0,0,0
196,2007,1224,City University of New York The City College,NY,28593,8380,75000,35000,190403,60242,30623,10000,60000,26367,19897,40000,0,8685000,4800000,0,1500000,0,0,4800000,4800000,0,0,0,0,0,24585000,0,24585000,0,1500000,0,1500000
197,2007,1225,City University of New York Hunter College,NY,31308,0,38979,2755,0,0,9568,8608,33502,33554,37491,0,0,0,600000,0,0,0,0,0,0,0,0,0,0,0,0,600000,600000,0,0,0,0
198,2007,1226,City University of New York Queens College,NY,7432,0,24600,7500,0,9600,1500,8400,43500,16800,16900,0,0,0,0,0,0,0,0,0,0,0,0,0,0,0,0,0,0,0,6798000,0,6798000
199,2007,1227,Clarkson University,NY,16143,0,7850,1177,71416,3564,1177,0,25808,1508,0,0,0,0,0,0,0,0,0,0,0,0,0,0,0,0,0,0,0,0,0,0,0
200,2007,1228,Columbia University in the City of New York,NY,529945,0,402106,32539,166008,490223,0,17676,194424,31464,12081,0,720965,0,1627400,250000,4792975,0,0,4500000,14450000,2500000,3383140,0,0,0,0,31503515,31503515,0,0,157609135,157609135
201,2007,1229,Barnard College,NY,2742,1394,8650,0,0,0,0,0,1110,6046,200,0,0,0,0,0,0,0,0,0,314000,0,0,0,0,0,0,314000,314000,0,0,0,0
202,2007,1230,Fordham University,NY,6033,0,27442,4005,0,0,1866,0,12995,6245,6892,0,0,0,0,0,0,0,0,0,1100000,0,0,0,0,0,0,1100000,1100000,0,0,0,0
203,2007,1231,Hamilton College,NY,1504,0,21845,140,0,0,0,11650,13600,8792,7500,0,0,0,0,0,0,0,0,0,0,0,0,0,0,0,0,0,0,0,641000,23000000,23641000
204,2007,1232,Ithaca College,NY,1657,0,1296,0,0,3100,180,0,0,0,0,0,0,0,0,0,0,0,0,0,0,0,0,0,0,0,0,0,0,0,0,0,0
205,2007,1233,The New School,NY,6950,0,0,0,0,0,0,0,0,4000,9930,0,0,0,0,0,0,0,0,0,0,0,0,0,0,0,0,0,0,0,0,0,0
206,2007,1234,New York Medical College,NY,34397,0,136843,0,0,0,0,0,0,0,0,0,136843,0,0,0,0,0,0,0,0,0,0,0,0,0,0,0,0,0,0,0,0
207,2007,1235,New York University,NY,284164,0,247804,11652,0,260892,11651,0,25211,11052,28962,5481,437894,0,94858000,0,0,3400000,0,0,18820574,0,0,3480190,0,621618,50150000,69787146,120558764,0,50000000,58502688,108502688
208,2007,1236,Polytechnic University,NY,14479,0,1671,3859,13623,0,0,0,24744,0,0,0,0,0,0,0,0,0,0,0,0,0,0,0,0,0,0,0,0,0,0,0,0
209,2007,1237,Rensselaer Polytechnic Institute,NY,70576,0,35024,15249,171777,0,1380,10121,26346,3864,215,3727,0,0,0,6500000,0,0,0,0,402000,1000000,0,0,0,0,6500000,1402000,7902000,0,0,0,0
210,2007,1238,Rochester Institute of Technology,NY,22107,0,4389,3163,48518,250,10,0,33276,256,210,9177,0,0,0,0,0,0,0,0,0,0,0,0,0,0,0,0,0,0,0,0,0
211,2007,1239,Rockefeller University,NY,215417,0,313789,0,0,22245,0,0,9077,0,0,0,0,0,9209300,0,0,0,0,0,0,0,0,0,0,0,0,9209300,9209300,0,0,0,0
212,2007,1240,St. John's University,NY,1538,0,24755,0,0,60718,0,0,16432,902,204,0,0,0,925000,0,0,3725000,0,0,1400000,0,0,0,0,0,0,6050000,6050000,0,0,0,0
213,2007,1241,State University of New York at Albany,NY,274354,0,61715,4471,158153,11947,305,35920,33232,13117,76403,91357,0,0,0,0,10000000,0,0,0,552000,0,0,5000000,0,0,15250000,302000,15552000,0,17200000,8700000,25900000
214,2007,1242,State University of New York at Binghamton,NY,29635,0,21345,7259,40256,2405,219,7227,20905,23125,8605,4423,0,0,0,424100,4156400,0,0,0,0,0,0,0,0,0,4425800,154700,4580500,0,0,0,0
215,2007,1243,State University of New York Downstate Medical Center,NY,31064,0,172512,0,0,118900,0,0,0,0,0,0,291412,0,0,0,0,275000,0,0,0,0,0,0,275000,0,275000,0,275000,0,0,0,0
216,2007,1244,State University of New York Upstate Medical University,NY,37181,0,140878,0,19195,40577,0,0,0,1923,0,0,202573,0,29902099,0,0,0,0,0,0,0,0,0,29902099,0,29902099,0,29902099,0,0,0,0
217,2007,1246,State University of New York College at Buffalo,NY,1699,0,1608,0,0,0,0,365,1374,1225,0,1374,0,0,0,0,0,0,0,0,0,0,0,0,0,0,0,0,0,0,0,0,0
218,2007,1247,State University of New York College at Oswego,NY,1024,0,8299,789,0,0,0,5617,9461,5174,1216,0,0,0,0,0,0,0,0,0,0,0,0,0,0,0,0,0,0,0,0,0,0
219,2007,1248,State University of New York College at Plattsburgh,NY,1985,0,18052,4622,0,0,3359,23034,14729,9000,21668,0,0,0,0,0,0,0,0,0,0,0,0,0,0,0,0,0,0,0,0,0,0
220,2007,1249,State University of New York College of Environmental Science and Forestry,NY,12643,27058,71594,0,58270,0,0,6743,34622,0,23041,0,0,0,0,0,0,0,0,0,0,0,0,0,0,0,0,0,0,0,0,0,0
221,2007,1250,Albany Medical College,NY,16227,0,112460,0,0,14188,0,0,0,0,0,0,126648,0,650000,0,0,0,0,0,0,0,0,0,650000,0,0,650000,650000,0,0,0,0
222,2007,1251,Union College,NY,1992,0,16409,3920,20755,0,4147,10010,31017,8624,0,16186,0,0,0,0,800000,0,0,0,0,0,0,400000,0,0,400000,800000,1200000,0,0,0,0
223,2007,1252,University of Rochester,NY,366658,0,336799,8205,56000,284407,2929,8060,226206,64029,4934,0,551933,0,8259575,0,494000,4014519,0,423000,7206000,557000,0,0,12274049,2596660,0,18357434,20954094,0,0,36081482,36081482
224,2007,1253,Yeshiva University,NY,189416,0,234000,1250,0,155622,0,0,7300,3050,300,0,387451,0,0,0,0,0,0,0,0,0,0,0,0,0,0,0,0,0,0,2870000,2870000
225,2007,1254,North Carolina Agricultural and Technical State University,NC,23698,43128,5641,480,75827,0,0,0,38337,960,1019,0,0,883933,4102374,332985,4102374,0,0,0,0,0,4242989,0,0,0,13664655,0,13664655,0,0,0,0
226,2007,1255,University of North Carolina at Asheville,NC,3192,1334,3522,0,0,0,0,140,3111,452,0,835,0,0,0,0,0,0,0,0,0,0,0,0,0,0,0,0,0,398750,6050000,2351250,8800000
227,2007,1257,Duke University,NC,657080,0,277949,7897,69428,640290,3412,38164,114654,10716,15739,0,848180,0,15340000,443900,254550,1164000,0,0,825800,0,0,0,1164000,0,0,18028250,18028250,0,0,17400000,17400000
228,2007,1258,East Carolina University,NC,14061,0,101256,2821,915,124440,3134,15610,28912,5797,6088,11967,165815,0,0,0,0,0,0,0,0,0,0,0,0,0,0,0,0,0,0,0,0
229,2007,1261,North Carolina Central University,NC,6597,1000,24000,1500,0,100,100,800,13200,0,0,0,0,0,0,0,0,0,0,0,0,0,0,0,0,0,0,0,0,0,0,10854000,10854000
230,2007,1262,Shaw University,NC,1815,0,2700,2000,2400,0,0,0,2400,0,0,0,0,0,0,0,0,0,0,0,0,0,0,0,0,0,0,0,0,0,0,0,0
231,2007,1263,North Carolina State University,NC,330936,1258102,362255,35325,597009,163615,13899,39826,95080,11844,8214,7611,0,9217174,668310,0,0,0,0,0,10859026,0,4937153,0,0,0,25681663,0,25681663,0,39713018,0,39713018
232,2007,1264,University of North Carolina at Chapel Hill,NC,443790,0,318949,15334,0,547340,5259,77521,114834,18546,37262,0,607776,0,8535000,0,0,42251421,0,0,0,0,0,0,23363488,0,27488857,23297564,50786421,0,106291875,49610657,155902532
233,2007,1265,University of North Carolina at Charlotte,NC,18463,0,30840,13443,62819,780,0,7873,42880,9613,15399,0,0,0,0,0,0,0,0,595174,0,0,0,0,0,0,0,595174,595174,0,9749099,0,9749099
234,2007,1266,University of North Carolina at Greensboro,NC,6059,0,34906,1689,0,5570,1189,826,17790,18560,24224,7114,0,0,0,3875000,0,0,3875000,0,3875000,0,0,0,0,0,11625000,0,11625000,0,0,0,0
235,2007,1267,Wake Forest University,NC,183129,0,898575,0,7513,188947,0,0,0,10528,8961,49636,831067,0,0,0,0,0,0,0,0,0,0,0,0,0,0,0,0,0,0,0,0
236,2007,1268,University of North Carolina at Wilmington,NC,13609,1400,40000,1000,0,3000,0,3000,14000,5300,4000,0,0,0,0,0,0,0,0,0,0,0,0,0,0,0,0,0,0,0,0,0,0
237,2007,1269,Winston-Salem State University,NC,1864,0,60000,0,0,1600,0,0,0,1800,1000,0,0,0,0,0,0,0,0,0,0,0,0,0,0,0,0,0,0,0,0,0,0
238,2007,1270,Case Western Reserve University,OH,369264,0,201796,0,193784,237551,1141,5568,59445,8677,7529,295,397353,0,753254,0,3649794,19027302,0,0,0,0,0,0,19780556,300000,250000,22880350,23430350,0,0,0,0
239,2007,1272,Cleveland State University,OH,14496,0,30134,8156,32368,8633,3466,3164,37764,10257,6045,0,0,0,0,0,0,0,0,0,0,0,0,0,0,0,0,0,0,0,0,0,0
240,2007,1273,University of Dayton,OH,69080,0,3913,132,169870,0,144,153,2187,59,0,74,0,0,0,0,1000000,0,0,0,0,0,0,0,0,0,1000000,0,1000000,0,0,1105000,1105000
241,2007,1274,University of Toledo,OH,30493,30524,114946,0,104198,113071,3933,13176,52843,16324,10817,0,151435,0,6787510,0,3810500,0,0,0,0,0,0,0,6787510,0,8098010,2500000,10598010,0,0,0,0
242,2007,1276,Youngstown State University,OH,1308,0,19276,3429,16454,4174,4253,2626,33258,5547,8078,0,0,0,0,0,0,0,0,0,0,0,0,0,0,0,0,0,0,0,0,0,0
243,2007,1277,Langston University,OK,4416,62000,25000,1000,0,0,500,0,5000,0,0,0,0,0,0,0,0,0,0,0,0,0,0,0,0,0,0,0,0,0,0,0,0
244,2007,1278,University of Tulsa,OK,12358,0,19750,10000,65700,1800,1500,5400,7000,9000,7000,0,0,0,0,250000,0,0,0,0,0,0,0,0,0,0,0,250000,250000,0,0,0,0
245,2007,1279,Oregon State University,OR,189606,520318,143800,29932,81438,320,1791,43588,94191,431,5392,0,0,0,0,0,8000000,0,0,0,0,0,0,0,0,0,4000000,4000000,8000000,0,0,0,0
246,2007,1280,Portland State University,OR,28763,0,29171,1744,28791,0,85,21492,44812,5343,11854,3091,0,0,0,0,0,0,0,0,925361,0,0,0,0,0,0,925361,925361,0,0,1200000,1200000
247,2007,1281,Reed College,OR,1118,0,17772,0,0,0,0,0,19297,6940,0,0,0,0,0,0,0,0,0,0,0,0,0,0,0,0,0,0,0,0,0,0,0
248,2007,1282,University of Oregon,OR,57153,0,136133,7529,8996,13261,903,18710,88678,32125,22493,0,0,0,977600,0,0,0,0,0,1155149,0,0,0,0,0,115000,2017749,2132749,0,10150000,1698719,11848719
249,2007,1284,Bryn Mawr College,PA,4254,0,10500,1250,0,0,1932,7035,11350,5180,8500,0,0,0,0,0,0,0,0,0,0,0,0,0,0,0,0,0,0,0,0,0,0
250,2007,1286,Carnegie Mellon University,PA,212506,0,67353,258181,184210,0,9944,0,62542,21269,6175,0,0,0,1901896,4467092,10250268,0,0,0,3577486,0,0,0,0,0,0,20196742,20196742,0,3000000,46854397,49854397
251,2007,1289,Duquesne University,PA,8345,0,75500,5000,0,128000,5000,0,96500,15000,50000,0,0,0,0,0,0,0,0,0,0,0,0,0,0,0,0,0,0,0,0,0,0
252,2007,1293,Lafayette College,PA,1612,0,13103,3310,28110,0,2310,5549,3507,14647,16688,6801,0,0,0,0,0,0,0,0,0,0,0,0,0,0,0,0,0,0,0,0,0
253,2007,1294,Lehigh University,PA,33469,0,26540,100,132744,0,134,11533,34319,6585,1006,0,0,0,0,0,0,0,0,0,0,0,0,0,0,0,0,0,0,0,0,0,0
254,2007,1297,Saint Joseph's University,PA,3037,0,5138,3100,0,300,0,0,1630,650,0,0,0,0,850000,0,0,0,0,0,0,0,0,0,0,175000,0,675000,850000,0,0,0,0
255,2007,1298,Swarthmore College,PA,2385,0,11091,1314,4390,0,890,0,11504,3342,1422,0,0,0,0,0,0,0,0,0,0,0,0,0,0,0,0,0,0,0,0,0,0
256,2007,1299,Temple University,PA,79736,0,74085,25520,4500,166250,4500,10325,49300,16500,3500,0,173000,0,1200000,0,0,15000000,0,0,3700000,0,0,0,0,0,0,19900000,19900000,0,25000000,45000000,70000000
257,2007,1300,University of Pennsylvania,PA,676052,37382,426454,20551,83016,604128,11221,2806,128654,23430,58219,3861,837950,0,0,0,3479000,78188000,0,0,0,0,0,0,32695000,6300000,750000,74617000,81667000,0,0,0,0
258,2007,1302,Brown University,RI,157926,0,201478,14185,60329,40000,15044,24892,51265,27088,16216,0,241478,0,10125000,0,298000,5725000,0,1188000,1771000,0,255000,0,15850000,0,0,19362000,19362000,0,0,0,0
259,2007,1303,University of Rhode Island,RI,70696,74078,42775,1043,35009,3612,28,103927,12843,20909,6836,5868,0,0,0,0,0,0,0,0,0,0,0,0,0,0,0,0,0,1500000,9686621,1326000,12512621
260,2007,1304,Benedict College,SC,1314,0,3000,1000,2510,0,1000,0,0,0,0,0,0,0,0,0,0,0,0,0,0,0,0,0,0,0,0,0,0,0,0,0,0
261,2007,1306,Clemson University,SC,179840,158547,93215,10462,257596,0,10888,82093,30148,9090,3442,0,0,0,0,0,0,0,0,0,0,0,0,0,0,0,0,0,0,0,3370000,6500000,9870000
262,2007,1309,Medical University of South Carolina,SC,176055,0,202086,0,5104,293000,0,0,0,0,0,75155,575345,0,8874125,0,793375,0,0,0,0,0,0,2900000,12567500,631352,500000,11436148,12567500,0,0,0,0
263,2007,1310,South Carolina State University,SC,3796,0,4000,3000,6000,0,800,1500,7000,1000,0,0,0,0,0,0,0,0,0,0,0,0,0,0,0,0,0,0,0,0,0,0,0
264,2007,1311,South Dakota School of Mines and Technology,SD,12589,0,1999,2279,42941,0,0,3760,18150,0,0,0,0,0,0,0,0,0,0,0,0,0,0,0,0,0,0,0,0,0,0,0,0
265,2007,1312,South Dakota State University,SD,33275,130941,24957,0,35043,38814,0,6739,29711,950,0,0,0,0,0,0,0,0,0,710367,0,0,0,0,0,0,0,710367,710367,0,0,0,0
266,2007,1313,The University of South Dakota,SD,22613,0,64517,1259,0,6508,455,4641,28572,8888,553,0,42500,0,0,0,0,0,0,0,0,0,0,0,0,0,0,0,0,0,0,0,0
267,2007,1314,East Tennessee State University,TN,7943,2710,184219,1100,4769,18295,450,7990,1450,2947,1485,0,190654,0,0,0,0,0,0,0,0,0,0,0,0,0,0,0,0,1674400,0,145600,1820000
268,2007,1315,Fisk University,TN,6000,0,3200,0,0,0,0,0,4800,0,0,0,0,0,0,0,0,0,0,0,0,0,0,0,0,0,0,0,0,0,0,0,0
269,2007,1316,Meharry Medical College,TN,32878,0,135635,0,0,25821,0,0,0,0,1170,0,162626,0,10000000,0,0,4000000,0,0,0,0,0,0,14000000,14000000,0,0,14000000,0,0,0,0
270,2007,1317,The University of Memphis,TN,43715,0,66866,53786,24237,19511,1019,26666,29009,33323,14089,0,0,0,2283648,0,0,0,0,0,1296759,637724,0,0,0,0,4218131,0,4218131,0,0,0,0
271,2007,1318,Tennessee State University,TN,14096,51350,12480,1300,17000,300,720,0,6950,1000,3200,9500,0,0,0,0,0,0,0,0,0,0,0,0,0,0,0,0,0,0,0,0,0
272,2007,1319,Tennessee Technological University,TN,9575,3776,12220,6301,64254,0,2520,2210,18889,483,120,500,0,0,0,0,0,0,0,0,0,0,0,0,0,0,0,0,0,0,0,0,0
273,2007,1320,University of Tennessee at Chattanooga,TN,7590,0,7437,3244,3228,3800,1236,0,1300,350,0,0,0,0,0,0,0,0,0,0,0,0,0,0,0,0,0,0,0,0,0,0,0
274,2007,1321,University of Tennessee at Martin,TN,1098,800,14250,0,0,0,1200,1480,2070,0,0,0,0,0,0,0,0,0,0,0,0,0,0,0,0,0,0,0,0,0,0,0,0
275,2007,1322,Vanderbilt University,TN,376893,0,292350,17083,37945,319094,1662,3772,55614,35778,0,41736,559960,0,1834718,0,1156601,3700000,0,0,784718,0,0,0,4750000,0,0,7476037,7476037,0,0,54710000,54710000
276,2007,1323,Baylor University,TX,6133,0,32820,1288,13680,4500,11320,8930,80165,16637,19800,0,0,0,0,0,0,0,0,494900,483234,0,0,0,0,0,0,978134,978134,0,0,0,0
277,2007,1324,Lamar University,TX,3277,2288,16773,9859,44187,11566,1705,8844,24847,3616,0,0,0,0,0,0,1055045,0,0,734500,0,0,0,0,0,1055045,734500,0,1789545,0,0,0,0
278,2007,1326,University of Texas-Pan American,TX,5006,1200,28570,1763,11854,8339,596,695,3432,3288,900,0,0,0,0,0,250000,0,0,0,250000,0,0,0,0,0,0,500000,500000,0,0,0,0
279,2007,1327,Rice University,TX,66564,0,45925,8298,66639,0,4175,6232,63984,3937,706,0,0,0,1676000,0,2982000,0,0,1729000,1109000,0,0,0,0,0,0,7496000,7496000,0,0,46400000,46400000
280,2007,1328,Sam Houston State University,TX,1958,167,3270,0,0,0,0,0,12246,376,2610,0,0,0,0,0,0,0,0,0,0,0,0,0,0,0,0,0,0,0,0,0,0
281,2007,1329,Southern Methodist University,TX,12475,0,24770,4191,27848,0,3663,21468,23811,12628,15094,0,0,0,0,0,0,0,0,0,6000000,0,0,0,0,0,0,6000000,6000000,0,0,7200000,7200000
282,2007,1330,Texas State University-San Marcos,TX,7034,416,17414,2001,20817,742,1350,26758,22303,100,20458,0,0,0,0,0,0,0,0,0,0,0,0,0,0,0,0,0,0,0,0,1397546,1397546
283,2007,1331,Stephen F. Austin State University,TX,8171,126000,11100,0,0,0,0,8200,1000,6000,2150,0,0,0,0,0,0,0,0,0,0,0,0,0,0,0,0,0,0,0,0,0,0
284,2007,1333,Tarleton State University,TX,8069,1500,3649,0,2054,2718,189,2273,10771,0,728,0,0,0,0,0,0,0,0,0,0,0,0,0,0,0,0,0,0,0,0,0,0
285,2007,1335,Texas Christian University,TX,4090,2400,9600,1500,10000,8500,2000,9200,18600,13000,1200,0,0,0,2500000,0,0,0,0,0,500000,0,0,0,0,0,0,3000000,3000000,0,0,0,0
286,2007,1337,Texas A&M University-Kingsville,TX,13343,43903,18842,1580,16324,600,4025,2372,2300,1800,525,0,0,0,1997000,0,271000,0,0,0,0,0,0,0,0,0,2268000,0,2268000,0,0,826301,826301
287,2007,1338,Texas Southern University,TX,4299,0,8106,5648,0,27765,2176,0,10525,2170,13600,0,0,0,0,0,0,0,0,0,0,0,0,0,0,0,0,0,0,0,0,0,0
288,2007,1339,Texas Tech University,TX,58591,103066,44628,4635,260609,0,2678,2104,79037,3994,641,0,0,0,0,0,0,0,0,0,610000,0,0,0,0,0,610000,0,610000,0,10000000,0,10000000
289,2007,1340,Texas Woman's University,TX,1975,0,26638,151,0,7969,73,0,7293,706,274,13467,0,0,0,0,0,0,0,0,0,0,0,0,0,0,0,0,0,0,0,0,0
290,2007,1341,University of Houston,TX,75662,8690,73733,5424,192231,77948,24507,30812,175892,20707,8199,22128,0,0,3776830,0,1639707,0,0,0,2823821,0,0,0,0,0,1871749,6368609,8240358,0,0,0,0
291,2007,1342,University of Texas at Arlington,TX,29267,0,62371,32948,334852,55929,44671,32791,176583,62391,30601,0,0,0,0,0,0,0,0,0,405687,0,0,0,0,0,405687,0,405687,0,0,0,0
292,2007,1343,University of Texas M. D. Anderson Cancer Center,TX,457696,0,0,0,0,976733,0,0,0,0,0,0,0,0,0,0,0,444323211,0,0,0,0,0,0,0,0,0,444323211,444323211,4000000,30000000,102630000,136630000
293,2007,1344,University of Texas at Austin,TX,431398,1296,198679,274498,977080,126615,130070,270687,580767,60556,202413,40257,0,0,1418800,0,950754,1894023,0,0,1391554,0,0,0,0,0,0,5655131,5655131,0,0,0,0
294,2007,1345,University of Texas Health Science Center at San Antonio,TX,150040,0,194680,0,0,245798,0,0,0,0,0,0,186787,0,0,0,0,5548018,0,0,0,0,0,0,5548018,0,5548018,0,5548018,0,0,0,0
295,2007,1346,University of Texas Southwestern Medical Center at Dallas,TX,333237,0,505662,0,0,511516,0,0,0,1053,0,0,1016832,0,21244256,0,0,8131106,0,0,0,0,0,0,21244256,0,0,29375362,29375362,0,0,21960000,21960000
296,2007,1347,University of Texas at El Paso,TX,32161,2796,50036,6395,43745,11072,2585,17259,27541,10157,3723,0,0,0,0,0,2588500,250000,0,0,274900,250000,0,0,0,0,1085750,2277650,3363400,2172703,14743340,8846004,25762047
297,2007,1348,West Texas A&M University,TX,4523,173120,8600,2000,5247,2809,2665,1759,8438,3803,0,2380,0,3090875,0,0,375000,0,0,0,0,0,0,0,0,3090875,0,375000,3465875,0,0,0,0
298,2007,1350,University of Utah,UT,248168,0,486374,67012,195995,387084,2202,77863,149425,21402,14632,2128,605058,0,2328106,0,882500,831221,0,855500,2400000,0,0,0,0,1700000,1520000,4077327,7297327,3783855,0,16074393,19858248
299,2007,1351,Utah State University,UT,138670,406925,83095,4674,226883,458,476,14105,38779,14468,6984,0,0,1553981,0,0,758268,0,0,0,385000,294530,0,0,0,200000,1578425,1213354,2991779,0,15943500,6642340,22585840
300,2007,1353,University of Vermont,VT,121841,51948,104122,159,9017,133411,978,2638,13043,5591,1538,3000,159915,0,0,0,275000,1232068,0,0,0,0,0,527290,1232068,150000,167500,1716858,2034358,0,0,520000,520000
301,2007,1354,Hampton University,VA,28705,0,1000,2073,0,0,503,3111,9182,0,0,0,0,0,0,0,0,0,0,0,0,0,0,0,0,0,0,0,0,0,0,0,0
302,2007,1356,James Madison University,VA,4799,0,20854,2940,0,5242,484,2267,519,3165,5348,8818,0,0,1200000,0,0,0,0,0,0,13000000,0,0,0,0,14200000,0,14200000,0,425000,0,425000
303,2007,1357,Old Dominion University,VA,49966,0,19573,10814,91646,1464,3192,52364,27367,9255,1992,5570,0,0,0,0,0,0,0,0,0,0,0,0,0,0,0,0,0,0,21569730,3000000,24569730
304,2007,1358,Virginia Commonwealth University,VA,149256,0,202431,1061,15933,234545,0,0,23339,9011,0,0,299354,0,6450807,0,0,10937698,0,0,0,0,0,0,11181232,0,6158712,11229793,17388505,0,36318286,47022840,83341126
305,2007,1360,University of Virginia,VA,238754,0,232798,13078,139809,410602,0,79171,151556,51153,13829,0,526709,0,9615098,250000,500000,0,0,0,0,250000,0,0,4525000,1906652,3433446,5275000,10615098,0,14164500,60385500,74550000
306,2007,1361,George Mason University,VA,50381,0,51827,24248,5149,1448,0,8743,12889,16161,4949,0,0,0,300000,300000,0,0,0,0,0,0,0,0,0,0,600000,0,600000,0,8800000,28000000,36800000
307,2007,1362,Virginia Polytechnic Institute and State University,VA,321722,204034,214295,12411,397803,53325,10218,28121,83497,11781,1681,53438,0,0,0,0,0,0,0,0,0,0,0,0,0,0,0,0,0,870000,55240000,30750000,86860000
308,2007,1363,Virginia State University,VA,8189,34140,600,912,567,0,300,0,0,0,0,0,0,0,0,0,0,0,0,0,0,0,0,0,0,0,0,0,0,0,0,0,0
309,2007,1364,Norfolk State University,VA,5144,0,6701,1232,32354,0,0,0,170,0,0,0,0,0,0,0,0,0,0,0,0,0,0,0,0,0,0,0,0,0,0,0,0
310,2007,1366,Central Washington University,WA,2183,0,5107,977,0,0,0,2998,5034,20598,2673,0,0,0,0,0,0,0,0,4000000,0,0,4000000,0,0,0,8000000,0,8000000,0,0,0,0
311,2007,1367,Eastern Washington University,WA,1999,800,23600,2000,2000,4900,1000,1200,4400,4200,5600,0,0,0,0,0,0,0,0,0,0,0,0,0,0,0,0,0,0,0,0,0,0
312,2007,1368,University of Washington,WA,778148,53651,280178,2839,282967,725503,2477,226030,156688,34648,17438,9450,760145,466469,11859708,0,8503195,20637773,1602889,0,4986772,0,264951,0,33262287,7289440,23976762,17055555,48321757,0,0,104491950,104491950
313,2007,1369,Washington State University,WA,196391,783189,480353,5502,184966,161639,4944,23232,90116,24488,33741,68849,0,713000,1419000,0,294000,0,0,0,538000,0,0,0,0,0,2904000,60000,2964000,0,52450000,4850000,57300000
314,2007,1370,Western Washington University,WA,6453,5531,15245,3084,14209,1207,1534,17564,20786,9913,4822,0,0,0,0,0,0,0,0,312500,0,0,472000,0,0,0,784500,0,784500,0,16277456,0,16277456
315,2007,1371,Marshall University,WV,18385,0,36582,6000,2628,3158,0,0,8519,0,6714,30263,23892,0,0,0,0,0,0,0,0,0,0,0,0,0,0,0,0,0,4500000,0,4500000
316,2007,1372,West Virginia State University,WV,2467,2243,4472,0,0,0,119,120,2092,623,801,0,0,0,0,0,0,0,0,0,0,0,0,0,0,0,0,0,0,0,0,0,0
317,2007,1373,West Virginia University,WV,122134,91691,240521,1336,114987,80389,758,15261,30911,836,558,15088,59727,0,1014583,0,0,3014539,0,0,0,0,2300000,0,4029122,0,0,6329122,6329122,0,0,78017218,78017218
318,2007,1374,Marquette University,WI,10445,0,26772,456,33354,24822,1304,0,24932,4017,773,0,0,0,2200000,0,500000,0,0,0,2500000,1800000,0,0,0,0,0,7000000,7000000,0,0,0,0
319,2007,1375,Milwaukee School of Engineering,WI,2933,0,716,0,19465,0,0,0,200,0,0,0,0,0,0,0,0,0,0,0,0,0,0,0,0,0,0,0,0,0,0,0,0
320,2007,1377,University of Wisconsin-Milwaukee,WI,34033,0,63000,7007,59000,36000,4200,94000,57000,24000,28000,0,0,0,0,0,0,0,0,0,0,0,0,0,0,0,0,0,0,0,0,0,0
321,2007,1379,University of Wisconsin-La Crosse,WI,2838,0,19760,1380,0,5100,440,900,6850,2210,11460,0,0,0,0,0,0,0,0,0,0,0,0,0,0,0,0,0,0,0,0,0,0
322,2007,1381,University of Wyoming,WY,89414,78667,137649,7496,62799,37459,10440,32368,24258,10344,38759,0,0,250000,300000,0,750000,0,0,0,250000,0,0,0,0,0,1472500,77500,1550000,0,6980000,0,6980000
323,2007,1382,University of Guam,GU,7604,0,12025,0,508,0,0,0,0,700,1600,0,0,0,0,0,0,0,0,0,0,0,0,0,0,0,0,0,0,0,0,0,0
324,2007,1383,University of Puerto Rico-Mayaguez Campus,PR,21080,335768,17658,7800,49012,226,1635,67603,45583,0,1532,0,0,0,0,0,0,0,0,0,0,0,0,0,0,0,0,0,0,0,0,1800000,1800000
325,2007,1385,University of Central Florida,FL,107996,0,48949,5564,58639,305,1000,0,16296,9193,2985,0,0,0,0,0,0,0,0,0,0,0,0,0,0,0,0,0,0,0,0,0,0
326,2007,1386,University of West Florida,FL,4429,9613,8714,0,0,581,0,0,3383,2550,7056,0,0,0,0,0,0,0,0,0,0,0,0,0,0,0,0,0,0,0,0,0,0
327,2007,1387,"Teachers College, Columbia University",NY,11411,0,0,0,0,7000,4000,0,0,20000,2000,0,0,0,0,0,0,0,0,0,0,0,0,0,0,0,0,0,0,0,0,0,0
328,2007,1388,City University of New York Graduate Center,NY,3913,0,800,1600,0,500,4000,400,600,9000,4000,0,0,0,0,0,0,0,0,0,0,0,0,0,0,0,0,0,0,0,0,0,0
329,2007,1389,University of Colorado at Denver,CO,258030,0,191300,0,5040,837400,3900,0,7500,5100,5900,4700,938000,0,352000,0,0,6200000,0,0,0,0,0,0,5757000,2375000,0,4177000,6552000,0,0,0,0
330,2007,1390,University of Colorado at Colorado Springs,CO,4509,0,6231,6716,11325,5694,0,0,7305,1357,1445,0,0,0,0,0,0,0,0,0,0,0,0,0,0,0,0,0,0,0,2513000,2513000,5026000
331,2007,1391,Hampshire College,MA,1145,1000,6000,500,0,0,400,1000,2500,1400,0,0,0,0,0,0,0,0,0,0,0,0,0,0,0,0,0,0,0,0,0,0,0
332,2007,1392,City University of New York York College,NY,1525,0,12454,0,0,0,0,4472,15302,614,614,0,0,0,0,0,0,0,0,0,0,0,0,0,0,0,0,0,0,0,0,0,0
333,2007,1393,Oregon Health and Science University,OR,272174,0,245227,0,58562,451164,0,1849,0,0,0,0,312381,0,9000000,0,0,2800000,0,650000,0,0,0,0,2000000,0,638586,11811414,12450000,1700000,0,299392,1999392
334,2007,1394,Baylor College of Medicine,TX,462375,0,942169,0,0,129104,0,0,0,0,0,0,1060580,0,10375000,0,0,0,0,0,0,0,0,0,10375000,0,0,10375000,10375000,0,0,50731520,50731520
335,2007,1395,University of Texas Medical Branch at Galveston,TX,179915,0,283568,0,0,173339,0,0,0,0,0,0,379489,0,1078381,0,0,0,0,0,0,0,0,0,1078381,0,0,1078381,1078381,0,0,6220758,6220758
336,2007,1398,University of Nebraska Medical Center,NE,108012,0,173696,0,3435,260545,0,0,0,0,0,0,437676,0,0,0,0,1339914,0,0,0,0,0,0,1339914,0,822000,517914,1339914,700000,7500000,64888247,73088247
337,2007,1399,City University of New York Herbert H. Lehman College,NY,4476,0,17460,1779,0,1392,1226,3021,5137,10258,3300,0,0,0,259500,0,0,0,0,0,0,259500,0,0,0,151000,0,368000,519000,0,0,0,0
338,2007,1400,Mount Sinai School of Medicine,NY,273216,0,520502,0,0,0,0,0,0,0,0,0,520502,0,47000000,0,0,0,0,0,0,0,0,0,47000000,0,0,47000000,47000000,0,0,15100800,15100800
339,2007,1401,University of Puerto Rico-Rio Piedras Campus,PR,21609,0,48000,2168,0,0,3000,2000,50000,12727,14044,0,0,0,0,0,0,0,0,0,0,0,0,0,0,0,0,0,0,0,0,0,0
340,2007,1402,State University of New York College at Old Westbury,NY,1765,0,8379,0,0,0,0,0,9279,0,0,0,0,0,0,0,0,0,0,0,0,0,0,0,0,0,0,0,0,0,0,0,0
341,2007,1404,California State University-Bakersfield,CA,6379,2800,6400,3200,400,1400,1840,1200,1600,2822,0,0,0,0,0,0,0,0,0,0,0,0,0,0,0,0,0,0,0,0,0,4000000,4000000
342,2007,1405,University of Tennessee,TN,240379,1180403,103389,11832,162457,169818,2652,16399,40281,3714,41339,0,205136,13837000,0,0,785000,0,0,0,657000,0,1100000,0,0,0,16379000,0,16379000,0,10000000,0,10000000
343,2007,1406,Medical College of Wisconsin,WI,147140,0,468775,15447,0,0,0,0,0,5000,0,0,167929,0,500000,0,0,0,0,0,0,0,0,0,0,0,0,500000,500000,0,0,0,0
344,2007,1407,Auburn University,AL,126522,201400,38090,0,134980,52268,314,2878,30546,1846,0,0,0,0,0,0,0,0,0,0,0,0,0,0,0,0,0,0,0,0,0,0,0
345,2007,1408,University of Connecticut,CT,215184,101451,313383,7751,65097,83111,1332,40270,52664,35508,6467,0,228838,0,0,0,0,0,0,0,0,313833,0,0,0,0,313833,0,313833,0,0,0,0
346,2007,1409,Georgia Institute of Technology,GA,440898,0,31936,117343,1460732,24798,287,22898,116878,21487,8236,20150,0,0,0,1500000,0,0,0,0,0,0,4900000,0,0,0,4900000,1500000,6400000,0,26988510,29387490,56376000
347,2007,1410,Mercer University,GA,19529,0,0,0,92644,24683,0,0,0,140,0,0,15888,0,0,0,0,0,0,0,0,0,0,0,0,0,0,0,0,0,0,0,0
348,2007,1411,Indiana University,IN,355004,0,268717,14818,7714,475575,13609,71593,279554,78667,65952,0,499872,0,1101365,2917079,2757632,3767568,0,0,0,436823,0,0,3767568,0,0,10980467,10980467,2400000,0,35254640,37654640
349,2007,1412,Purdue University,IN,372958,203813,243311,14637,335846,100322,4948,12322,161030,17455,12499,41,0,0,1215000,498470,720000,3738000,1600000,745000,6303050,340500,0,0,0,0,5227700,9932320,15160020,0,0,33225000,33225000
350,2007,1413,University of Kentucky,KY,323958,658900,200524,8974,195965,441761,985,76207,89997,20127,54608,0,274618,1050500,4247615,0,484462,10274633,0,0,384930,483196,0,0,11593728,5356000,335721,11233615,16925336,0,70875000,8243911,79118911
351,2007,1414,University of Minnesota,MN,594877,1543192,524147,16800,332727,627978,52327,153051,154532,73081,113941,86540,714558,11731164,3917245,0,255673,54827877,0,1035345,12874191,0,280640,300000,3334106,0,65351838,19870297,85222135,0,28800000,29974000,58774000
352,2007,1415,University of Mississippi,MS,93471,13214,11503,1879,28211,94449,189,20000,120424,2071,4053,0,93183,0,0,0,2000000,1000000,0,0,0,0,0,0,0,1700000,1000000,300000,3000000,0,0,0,0
353,2007,1416,Saint Louis University,MO,48133,0,156232,2000,6503,83305,100,7300,10466,6422,500,0,183631,0,5495804,0,0,0,0,0,0,0,0,0,5495804,0,0,5495804,5495804,0,0,0,0
354,2007,1417,"Rutgers, The State University of New Jersey",NJ,308204,486111,195341,48135,201586,111880,15262,87651,128882,30121,60691,0,0,2335000,3018919,0,1000000,1480000,0,0,2900000,0,0,0,0,0,4735000,5998919,10733919,4000000,5117000,13013000,22130000
355,2007,1418,New Mexico State University,NM,169029,172064,73869,6982,109620,0,4034,0,95360,8603,20916,0,0,290129,0,0,781143,0,0,0,758883,0,0,0,0,84055,1216445,529655,1830155,0,0,0,0
356,2007,1419,Alfred University,NY,6347,0,16000,5000,68500,0,3000,1762,7055,5000,5000,0,0,0,0,0,0,0,0,0,0,0,0,0,0,0,0,0,0,0,0,0,0
357,2007,1420,Cornell University,NY,648802,600572,554993,30584,168745,580622,2067,12545,292915,11288,31493,13282,329006,2020000,6500000,0,6670000,51110420,0,0,6800000,5400000,0,0,47300420,5619000,1438000,71443420,78500420,0,19578000,170653982,190231982
358,2007,1422,Syracuse University,NY,36100,0,33573,6135,63092,7497,1720,11004,41623,14327,11172,0,0,0,0,1840500,400000,0,0,0,0,0,0,0,0,0,0,2240500,2240500,0,40050000,50250000,90300000
359,2007,1423,University of North Dakota,ND,56074,0,20240,2799,12611,60955,1800,10857,5000,6709,14534,0,60955,0,0,0,0,0,0,0,0,0,0,0,0,0,0,0,0,3537982,3062512,0,6600494
360,2007,1424,Bowling Green State University,OH,9912,1147,42348,3066,31162,9196,6391,12175,33452,24337,10542,0,0,0,0,0,0,0,0,0,0,0,0,0,0,0,0,0,0,0,0,0,0
361,2007,1426,Miami University,OH,19229,0,75569,769,6510,285,4362,7241,43693,24612,7923,0,0,0,0,0,2580000,0,0,0,2595000,0,0,0,0,0,0,5175000,5175000,0,0,0,0
362,2007,1427,Ohio State University,OH,652329,38225,274458,19880,307889,646141,2366,54698,160618,16574,19594,0,435992,0,2924522,0,1185488,1238592,0,0,0,0,0,0,1238592,0,2924522,2424080,5348602,0,0,0,0
363,2007,1428,Ohio University,OH,38000,0,90676,6518,80920,42066,379,7108,59593,9171,25288,0,32289,0,0,0,0,0,0,0,0,0,0,0,0,0,0,0,0,0,0,1310000,1310000
364,2007,1429,University of Cincinnati,OH,294150,0,287084,0,146088,219265,2167,17967,64973,14928,14407,4495,481447,0,0,0,289623,1594399,0,0,0,0,0,0,1594399,0,689623,1194399,1884022,0,277770,0,277770
365,2007,1431,University of Oklahoma,OK,178719,0,253409,10170,107753,191241,572,277087,78736,14761,55019,0,350987,0,250000,0,0,2451377,0,0,624000,0,0,0,2038177,747987,285000,2292390,3325377,0,0,0,0
366,2007,1432,Pennsylvania State University,PA,644182,1207133,416744,6968,580460,231977,12877,97639,205902,62439,82072,8927,399833,0,38033464,0,0,1554776,0,0,0,1100000,0,0,3088240,0,0,40688240,40688240,0,19469885,31004815,50474700
367,2007,1434,University of South Carolina,SC,153737,13701,94234,7372,102664,104165,3159,55256,99189,18687,30029,3916,61061,0,3371000,0,0,0,0,2875000,336000,0,0,0,0,0,0,6582000,6582000,335000,55488673,14000000,69823673
368,2007,1435,College of William and Mary,VA,52025,0,34605,8986,0,7290,5004,159580,57206,11223,26928,0,0,0,260000,0,0,0,0,0,5285175,0,0,0,0,0,260000,5285175,5545175,0,411001,12412719,12823720
369,2007,1436,University of the Virgin Islands,VI,17495,8161,745,20,0,0,0,253,200,0,0,0,0,0,0,0,0,0,0,0,0,0,0,0,0,0,0,0,0,0,0,0,0
370,2007,1437,Desert Research Institute,NV,38511,0,23417,4760,0,0,0,60969,0,0,0,0,0,0,0,468000,0,0,0,0,0,0,0,0,0,0,0,468000,468000,2000000,7090000,14250000,23340000
371,2007,1439,Wright State University,OH,47711,0,30342,4480,24828,45975,0,2588,4957,7623,3710,0,48000,0,2313512,0,0,0,0,1600000,0,0,0,0,129000,700000,1772930,1440582,3913512,0,2427948,3762960,6190908
372,2007,1440,North Dakota State University,ND,103778,337296,87809,28814,154596,62156,6498,2683,57872,15585,22741,0,0,0,0,0,0,0,0,0,0,0,0,0,0,0,0,0,0,0,0,0,0
373,2007,1441,University of Illinois at Springfield,IL,1083,0,166,34,0,0,0,0,0,0,0,0,0,0,349500,0,0,0,0,0,0,0,0,0,0,0,0,349500,349500,0,0,0,0
374,2007,1442,State University of New York at Buffalo,NY,297909,0,182946,17319,151031,269601,1663,13073,91767,23940,38695,20642,220518,0,0,560323,455429,1335434,0,0,0,0,0,0,827397,0,0,2351186,2351186,0,0,0,0
375,2007,1443,State University of New York at Stony Brook,NY,234635,0,284641,17894,94785,219058,6804,116628,183943,30870,19132,0,265595,0,4475843,750000,256442,7912000,0,1856000,2594701,0,0,0,6923000,1073735,15168251,1603000,17844986,0,35850000,6900000,42750000
376,2007,1444,Florida International University,FL,65805,20674,30312,11090,30141,11099,0,41937,49607,5776,3657,0,0,0,0,0,1038000,0,0,1051750,516768,0,0,0,0,0,2606518,0,2606518,0,0,0,0
377,2007,1445,University of Texas at Dallas,TX,44198,0,57891,11136,100658,12953,2585,26701,45301,8663,10228,14592,0,0,373050,0,0,0,0,0,1740900,15317500,0,0,0,0,2113950,15317500,17431450,0,0,0,0
378,2007,1446,University of Massachusetts at Worcester,MA,191659,0,319580,0,0,155070,0,0,0,0,0,43627,518277,0,24800000,0,0,15200000,0,0,0,0,0,0,40000000,500000,4000000,35500000,40000000,0,0,0,0
379,2007,1447,University of Southern Maine,ME,20045,4620,17464,3500,590,7124,300,8292,1333,370,39896,0,0,0,0,0,0,0,0,0,0,0,0,0,0,0,0,0,0,1157000,0,0,1157000
380,2007,1448,University of North Texas Health Science Center at Fort Worth,TX,25124,0,115564,8000,0,34692,0,0,0,1000,0,0,28592,0,0,0,0,0,0,0,0,0,0,0,0,0,0,0,0,0,1751500,1251500,3003000
381,2007,1449,Rush University,IL,83194,0,69914,0,0,89925,0,0,0,9559,25178,8734,76544,0,750000,0,0,0,0,0,0,0,0,0,750000,0,0,750000,750000,0,0,0,0
382,2007,1450,State University of New York College of Optometry,NY,1913,0,0,0,0,1000,0,0,0,0,0,45000,0,0,0,0,0,0,0,0,0,0,0,0,0,0,0,0,0,0,0,0,0
383,2007,1451,University of Texas at San Antonio,TX,30259,3650,97532,3405,42826,4564,441,14518,29437,7968,19628,0,0,0,407198,0,0,0,0,0,0,0,0,0,0,0,0,407198,407198,0,2234223,20108007,22342230
384,2007,1452,Eastern Virginia Medical School,VA,33013,0,97474,0,0,0,0,0,0,0,0,0,100,0,961900,0,0,0,0,0,0,0,0,0,961900,0,0,961900,961900,0,0,0,0
385,2007,1455,Texas A&M University-Corpus Christi,TX,12654,2372,29566,3281,0,0,0,2681,602,1691,228,0,0,0,0,0,0,0,0,0,0,0,0,0,0,0,0,0,0,0,0,0,0
386,2007,1456,University of Texas Health Science Center at Houston,TX,175154,0,162839,0,0,187844,0,3409,0,26518,0,0,225397,0,0,0,0,0,0,0,0,0,0,0,0,0,0,0,0,0,0,0,0
387,2007,1458,Brigham Young University,UT,25973,20500,84500,14500,46000,3000,3000,12500,80000,8500,15000,0,0,0,0,0,0,0,0,0,0,0,0,0,0,0,0,0,0,0,0,0,0
388,2007,1461,University of Maryland Center for Environmental Science,MD,40146,0,0,0,0,0,0,296000,0,0,0,0,0,0,0,0,0,0,0,0,0,0,0,0,0,0,0,0,0,0,0,0,0
389,2007,1462,University of Kansas,KS,195947,16076,297634,13629,83389,143856,305,31086,82995,9688,3314,0,242257,0,1515000,0,0,382200,0,0,777200,0,301600,0,368400,635000,61000,2280000,2976000,242500,0,13468100,13710600
390,2007,1463,City University of New York College of Staten Island,NY,2282,1585,6075,1963,2199,1943,2533,1441,13102,1193,0,7376,0,0,0,0,0,0,0,0,0,0,0,0,0,0,0,0,0,0,0,0,0
391,2007,1464,Northeastern Ohio Universities College of Medicine,OH,5294,0,120014,0,0,0,0,0,0,0,0,0,120014,0,0,0,0,0,0,0,0,0,0,0,0,0,0,0,0,0,0,0,0
392,2007,1467,University of Alaska Anchorage,AK,8844,1100,25000,4000,10000,5000,1000,2000,2000,3000,1500,12000,0,0,0,0,0,0,0,0,0,0,0,0,0,0,0,0,0,0,25000000,0,25000000
393,2007,1468,University of the District of Columbia,DC,5065,0,800,750,1500,0,0,0,1300,0,0,0,0,0,0,0,0,0,0,0,0,0,0,0,0,0,0,0,0,0,0,0,0
394,2007,1469,Western University of Health Sciences,CA,1575,0,9150,0,0,15585,0,0,0,0,0,0,15585,0,314929,0,0,0,0,0,0,0,0,0,314929,0,0,314929,314929,0,0,314929,314929
395,2007,1471,Ponce School of Medicine,PR,5573,0,32500,0,0,22500,0,0,0,11050,0,7999,28500,0,0,0,0,0,0,0,0,0,0,0,0,0,0,0,0,0,0,0,0
396,2007,1472,Morehouse School of Medicine,GA,28378,0,68060,0,0,15569,0,0,0,1850,0,0,85479,0,0,0,0,0,0,0,0,0,0,0,0,0,0,0,0,0,0,0,0
397,2007,1473,University of Maryland Biotechnology Institute,MD,59297,61615,199675,0,2445,4113,0,0,22100,0,0,0,0,0,0,0,0,0,0,0,0,0,0,0,0,0,0,0,0,0,0,0,0
398,2007,1474,Texas A&M University System Health Science Center,TX,76109,0,214569,0,0,18918,0,0,0,0,0,0,6445,0,5160000,0,0,0,0,0,0,0,0,0,0,0,0,5160000,5160000,0,0,0,0
399,2007,2002,California State University-Hayward,CA,2833,100,3812,1683,0,100,420,542,2924,450,0,0,0,0,0,0,0,0,0,0,0,0,0,0,0,0,0,0,0,0,0,0,0
400,2007,2011,Colgate University,NY,1837,0,23850,3790,0,0,2844,15147,27435,11228,11288,5653,0,0,0,0,0,0,0,0,0,0,0,0,0,0,0,0,0,0,0,0,0
401,2007,2013,Northeastern State University,OK,1031,0,4676,0,0,0,0,0,413,0,0,0,0,0,0,0,0,0,0,0,0,0,0,0,0,0,0,0,0,0,0,0,0
402,2007,2014,Oregon Institute of Technology,OR,4047,0,16500,7685,38400,16500,0,0,2000,0,0,0,0,0,0,0,0,0,0,0,0,0,0,0,0,0,0,0,0,0,5600000,7000000,12600000
403,2007,2016,Coastal Carolina University,SC,1210,0,2437,1876,0,1500,0,24980,1154,1282,0,0,0,0,0,0,0,0,0,0,0,0,0,0,0,0,0,0,0,0,0,0,0
404,2007,2019,University of Hawaii at Hilo,HI,7843,1420,5000,500,0,1550,800,1000,1200,2000,2000,0,0,0,0,0,0,0,0,0,0,0,0,0,0,0,0,0,0,0,0,0,0
405,2007,2021,California State University-Monterey Bay,CA,4107,1094,2735,400,0,0,200,1000,1735,2500,430,0,0,0,0,0,0,0,0,0,0,0,0,0,0,0,0,0,0,0,0,0,0
406,2007,5003,University of San Francisco,CA,1376,0,5500,2500,0,1100,400,1500,10000,1200,0,0,0,0,0,0,0,0,0,0,0,0,0,0,0,0,0,0,0,0,0,0,0
407,2007,5005,Morehead State University,KY,1332,600,7404,1060,0,0,0,700,7600,4000,3500,0,0,0,0,0,0,0,0,0,0,0,0,0,0,0,0,0,0,0,0,0,0
408,2007,5006,Nicholls State University,LA,1121,32472,16067,864,4303,0,0,0,13916,2519,0,0,0,0,0,0,0,0,0,0,0,0,0,0,0,0,0,0,0,0,0,0,0
409,2007,5007,Southeastern Louisiana University,LA,2150,764,23939,0,0,1613,0,0,5456,390,109,0,0,0,0,0,0,0,0,0,0,0,0,4205000,0,0,4205000,0,4205000,0,0,0,0
410,2007,5008,Rowan University,NJ,4581,0,5210,1000,8160,6300,500,0,12740,1010,500,0,0,0,250000,0,0,0,0,0,0,0,0,0,0,0,0,250000,250000,0,0,0,0
411,2007,5009,Rider University,NJ,1287,2000,7000,0,0,0,0,1440,4960,200,0,0,0,0,0,0,0,0,0,0,0,0,0,0,0,0,0,0,0,0,0,0,0
412,2007,5011,Western Carolina University,NC,1905,0,2352,0,18309,1540,0,1437,5815,687,2912,0,0,0,0,0,0,0,0,12424572,0,0,0,0,0,0,12424572,0,12424572,0,0,0,0
413,2007,5012,Franklin & Marshall College,PA,1645,0,40000,4000,0,0,5000,20000,64000,15000,20000,0,0,0,0,0,0,0,0,0,0,0,0,0,0,0,0,0,0,1200000,10000000,28800000,40000000
414,2007,5013,Pennsylvania College of Optometry,PA,1642,0,10135,0,0,3505,0,0,0,0,0,0,0,0,0,0,0,0,0,0,0,0,0,0,0,0,0,0,0,0,0,0,0
415,2007,5014,Black Hills State University,SD,2628,0,8421,0,0,0,250,1665,5791,2902,504,0,0,0,0,0,0,0,0,0,0,0,0,0,0,0,0,0,0,0,0,0,0
416,2007,5015,Middle Tennessee State University,TN,2015,0,3662,114,1448,0,0,259,3252,272,450,0,0,0,0,0,0,0,0,0,0,0,0,0,0,0,0,0,0,0,0,0,0
417,2007,5016,Sul Ross State University,TX,2676,305,16653,0,0,0,0,0,0,0,716,0,0,0,0,0,0,0,0,0,0,0,0,0,0,0,0,0,0,0,0,0,0
418,2007,5017,Trinity University,TX,1206,0,26533,5480,15902,0,2840,9824,25981,7247,3680,0,0,0,0,0,0,0,0,0,0,0,0,0,0,0,0,0,0,0,0,0,0
419,2007,5019,University of Wisconsin-Green Bay,WI,1328,0,6492,0,0,0,0,1377,4568,0,0,0,0,0,0,0,0,0,0,0,0,0,0,0,0,0,0,0,0,0,0,0,0
420,2007,5020,University of Wisconsin-Eau Claire,WI,1154,0,58717,7013,0,13854,4000,14089,12307,2144,1630,3000,0,0,250000,0,0,0,0,250000,0,0,0,0,0,0,0,500000,500000,0,0,0,0
421,2007,5021,University of Wisconsin-Superior,WI,1844,0,5800,0,0,0,0,0,3600,0,0,0,0,0,0,0,0,0,0,0,0,0,0,0,0,0,0,0,0,0,0,0,0
422,2007,5022,University of Puerto Rico-Humacao University College,PR,4429,0,8342,0,0,0,575,0,6583,0,224,0,0,0,0,0,0,0,0,0,0,0,0,0,0,0,0,0,0,0,0,0,0
423,2007,5023,New York Institute of Technology,NY,3613,0,2500,1500,3000,11345,0,0,0,0,0,0,2000,0,0,600000,600000,0,0,0,0,0,0,0,0,0,0,1200000,1200000,0,0,0,0
424,2007,5025,University of Wisconsin-Oshkosh,WI,1115,0,11055,0,0,0,0,365,6196,1982,516,0,0,0,0,0,0,0,0,0,0,0,0,0,0,0,0,0,0,0,0,0,0
425,2007,5026,Texas Tech University Health Sciences Center,TX,22013,30580,70468,0,0,72350,0,0,0,0,0,0,119404,0,0,0,0,0,0,0,0,0,0,0,0,0,0,0,0,0,11103250,500145,11603395
426,2007,5027,Florida Gulf Coast University,FL,3133,1427,2859,0,2450,0,0,0,0,0,0,0,0,0,0,0,0,0,0,0,0,0,0,251111,0,0,0,0,0,0,0,0,0
427,2007,6027,Jacksonville State University,AL,1470,0,1618,4142,6825,2579,0,1626,4636,1200,0,0,0,0,0,0,0,0,0,0,0,0,0,0,0,0,0,0,0,0,0,0,0
428,2007,6028,California State University Sacramento,CA,4372,0,2000,1500,2000,1500,0,500,500,1000,500,0,0,0,0,0,0,0,0,0,0,0,0,0,0,0,0,0,0,0,0,0,0
429,2007,6031,University of California Merced,CA,7527,0,37421,2310,20660,0,1606,6468,19949,2210,15917,2390,0,0,0,0,1225000,0,0,0,0,0,0,0,0,0,0,1225000,1225000,0,0,0,0
430,2007,6036,Colby College,ME,1482,1010,10412,522,0,0,939,2458,8226,5565,3405,200,0,0,0,0,0,0,0,0,0,0,0,0,0,0,0,0,0,0,0,0,0
431,2007,6039,Towson University,MD,1038,0,21271,4641,0,2786,1197,2115,6691,5164,12300,0,0,0,0,0,0,0,0,0,0,0,0,0,0,0,0,0,0,0,0,0,0
432,2007,6042,University of Maryland Eastern Shore,MD,4454,0,5312,0,200,10000,0,2800,1974,0,0,0,0,0,350000,0,0,0,0,0,550000,0,0,0,0,900000,0,0,900000,0,0,0,0
433,2007,6043,College of the Holy Cross,MA,1254,0,19029,0,0,0,5251,0,54025,5207,6592,0,0,0,0,0,0,0,0,0,0,0,0,0,0,0,0,0,0,0,0,7750000,7750000
434,2007,6044,Kettering University,MI,3473,0,0,300,125482,0,0,0,56198,0,0,0,0,0,0,0,5000000,0,0,0,2500000,0,0,0,0,1275000,1275000,4950000,7500000,0,0,0,0
435,2007,6045,Lawrence Tech University,MI,2137,0,0,0,48000,0,0,0,0,0,0,0,0,0,0,0,0,0,0,0,0,0,0,0,0,0,0,0,0,5000000,900000,0,5900000
436,2007,6046,A.T. Still University of Health Science,MO,1439,0,26347,0,0,5365,0,0,0,0,0,0,31712,0,0,0,0,0,0,0,0,0,0,0,0,0,0,0,0,0,0,0,0
437,2007,6047,Monmouth University,NJ,1693,1250,3000,1000,1000,0,30,0,958,4000,0,231,0,0,0,0,0,0,0,0,0,0,0,0,0,0,0,0,0,0,0,0,0
438,2007,6049,State University of New York College at Geneseo,NY,1036,0,17105,156,0,0,0,3931,14331,4822,0,0,0,0,0,0,0,0,0,0,14453000,0,0,0,0,0,14453000,0,14453000,0,0,0,0
439,2007,6050,Albany College of Pharmacy,NY,2307,0,16850,0,0,2500,0,0,2000,0,0,0,0,0,0,0,0,0,0,0,0,0,0,0,0,0,0,0,0,0,0,0,0
440,2007,6051,Appalachian State University,NC,2158,0,5190,270,0,0,0,2170,5004,0,2100,0,0,0,0,0,0,0,0,0,0,0,0,0,0,0,0,0,0,0,0,0,0
441,2007,6052,Central State University,OH,2320,4466,6942,1800,20000,0,1200,1800,7368,0,1800,20000,0,0,0,0,0,0,0,0,0,0,0,0,0,0,0,0,0,0,0,0,0
442,2007,6053,Eastern Oregon University,OR,1352,4564,1599,0,0,1762,0,0,140,0,0,0,0,0,0,0,0,0,0,0,0,0,0,0,0,0,0,0,0,0,0,0,0
443,2007,6054,Philadelphia College of Osteopathic Medicine,PA,1034,0,25900,0,0,3000,0,0,0,400,0,0,25900,0,1850000,0,0,0,0,0,0,0,0,0,1850000,0,0,1850000,1850000,0,0,0,0
444,2007,6056,St. Francis University,PA,4114,0,1000,30,0,1000,0,0,1200,100,600,0,0,0,0,0,0,0,0,0,0,0,0,0,0,0,0,0,0,8409,495796,495795,1000000
445,2007,6057,Wheeling Jesuit University,WV,4499,0,2600,0,0,0,0,0,2234,25,0,0,0,0,0,0,0,0,0,0,0,0,0,0,0,0,0,0,0,0,0,0,0
446,2007,6058,City University of New York Baruch College,NY,1118,1781,808,4626,0,2931,2091,0,915,6032,12751,0,0,0,0,0,0,0,0,0,0,0,0,0,0,0,0,0,0,0,0,0,0
447,2007,6060,Northern Kentucky University,KY,1820,46,8358,85,0,23,216,162,3853,1259,38,0,0,0,0,0,0,0,0,0,0,0,0,0,0,0,0,0,0,0,0,0,0
448,2007,6061,Loyola Marymount University,CA,1599,0,25000,2000,30000,2000,5000,0,25000,3000,700,0,0,0,250000,0,0,0,0,0,0,0,0,0,0,0,0,250000,250000,0,0,0,0
449,2007,3001,McLaughlin Research Institute for Biomedical Science,MT,.,0,25521,0,0,0,0,0,0,0,0,0,0,0,0,0,0,0,0,0,0,0,0,0,0,0,0,0,0,0,0,0,0
450,2007,3003,Tufts Medical Center,MA,.,0,0,0,0,194898,0,0,0,0,0,0,0,0,0,0,0,0,0,0,0,0,0,0,0,0,0,0,0,0,0,0,0
451,2007,3004,Spartanburg Regional Medical Center,SC,.,0,0,0,0,8450,0,0,0,0,0,0,0,0,0,0,0,0,0,0,0,0,0,0,0,0,0,0,0,0,0,0,0
452,2007,3006,Riverside Research Institute,NY,.,0,0,200,1200,0,0,0,0,0,0,0,0,0,0,0,0,0,0,0,0,0,0,0,0,0,0,0,0,0,0,0,0
453,2007,3007,American Dental Association Foundation,IL,.,0,616,176,8956,176,0,0,0,0,0,0,0,0,0,0,0,0,0,0,0,0,0,0,0,0,0,0,0,0,0,0,0
454,2007,3008,American Institutes for Research,DC,.,0,0,7500,0,0,25000,0,0,25000,332500,0,0,0,0,0,0,0,0,0,0,0,638000,0,0,0,0,638000,638000,0,0,0,0
455,2007,3009,American Type Culture Collection,VA,.,0,50000,0,0,0,0,0,0,0,0,0,0,0,500000,0,0,0,0,0,0,0,0,0,0,0,0,500000,500000,0,0,0,0
456,2007,3010,Boston Biomedical Research Institute,MA,.,0,33000,0,0,0,0,0,0,0,0,0,0,0,0,0,0,0,0,0,0,0,0,0,0,0,0,0,0,0,0,0,0
457,2007,3013,Cincinnati Children's Hospital Medical Center,OH,.,0,116630,0,0,243152,0,0,0,5574,0,0,0,0,0,0,0,279134,0,0,0,0,0,0,0,0,0,279134,279134,0,0,0,0
458,2007,3014,Lovelace Respiratory Research Institute,NM,.,0,429250,0,0,0,0,0,0,0,0,0,0,0,2668150,0,0,0,0,0,0,0,0,0,0,0,0,2668150,2668150,0,0,3546060,3546060
459,2007,3015,Battelle Memorial Institute,OH,.,3274,439405,25640,87838,75420,17285,51774,845924,0,0,0,0,0,250000,0,250000,0,0,0,500000,0,0,0,0,0,0,1000000,1000000,0,0,0,0
460,2007,3016,Battelle Centers Public Health Research and Evaluation,WA,.,0,0,0,0,1000,0,0,0,1200,14800,3000,0,0,0,0,0,0,0,0,0,0,0,0,0,0,0,0,0,0,0,0,0
461,2007,3017,Cooper Institute,TX,.,0,500,0,0,14000,0,0,0,0,0,0,0,0,0,0,0,0,0,0,0,0,0,0,0,0,0,0,0,0,0,0,0
462,2007,3018,Beth Israel Deaconess Medical Center,MA,.,0,413030,0,0,0,0,0,0,0,0,0,0,0,3185000,0,0,0,0,0,0,0,0,0,0,0,0,3185000,3185000,0,0,77000000,77000000
463,2007,3019,Beth Israel Medical Center,NY,.,0,0,0,0,2671,0,0,0,1575,0,0,0,0,0,0,0,0,0,0,0,0,0,0,0,0,0,0,0,0,0,0,0
464,2007,3020,Fred Hutchinson Cancer Research Center,WA,.,0,190227,0,0,363860,0,0,0,0,0,0,0,0,2777360,0,0,2116138,0,0,0,0,0,0,0,0,0,4893498,4893498,0,0,0,0
465,2007,3021,IIT Research Institute,IL,.,0,125000,0,0,0,0,0,0,0,0,0,0,0,10000000,0,0,0,0,0,0,0,0,0,0,10000000,0,0,10000000,0,0,0,0
466,2007,3022,Bronx-Lebanon Hospital Center,NY,.,0,0,0,0,3500,0,0,0,0,0,0,0,0,0,0,0,0,0,0,0,0,0,0,0,0,0,0,0,0,0,0,0
467,2007,3023,Butler Hospital,RI,.,0,0,0,0,20665,0,0,0,0,0,0,0,0,0,0,0,0,0,0,0,0,0,0,0,0,0,0,0,0,0,0,0
468,2007,3024,Northern California Cancer Center,CA,.,0,10897,0,0,0,0,0,0,0,0,0,0,0,0,0,0,0,0,0,0,0,0,0,0,0,0,0,0,0,0,0,0
469,2007,3025,Brigham and Women's Hospital,MA,.,0,688331,0,0,0,0,0,0,0,0,0,0,0,6460127,0,0,0,0,0,0,0,0,0,0,0,0,6460127,6460127,0,0,0,0
470,2007,3026,Greenwood Genetic Center,SC,.,0,9935,0,0,719,0,0,0,0,0,0,0,0,0,0,0,0,0,0,0,0,0,0,0,0,0,0,0,0,0,0,0
471,2007,3028,Seattle Biomedical Research Institute,WA,.,0,45550,0,0,0,0,0,0,0,0,0,0,0,390000,0,0,0,0,0,0,0,0,0,0,0,0,390000,390000,0,0,0,0
472,2007,3029,Carnegie Institution of Washington,DC,.,0,66959,3900,0,0,0,12000,20363,0,0,0,0,0,0,0,0,0,0,0,0,0,0,0,0,0,0,0,0,0,0,0,0
473,2007,3030,"Oregon Social Learning Center, Inc.",OR,.,0,2000,0,0,0,0,0,0,40000,3000,0,0,0,0,0,0,0,0,0,0,0,0,0,0,0,0,0,0,0,0,0,0
474,2007,3031,The Burnham Institute for Medical Research,CA,.,0,182213,0,0,0,0,0,1900,0,0,0,0,0,560000,0,0,0,0,0,0,0,0,0,0,0,0,560000,560000,0,1774461,0,1774461
475,2007,3032,"Frontier Science and Technology Research Foundation, Inc.",MA,.,0,0,0,0,65000,0,0,0,0,0,0,0,0,0,0,0,0,0,0,0,0,0,0,0,0,0,0,0,0,0,0,0
476,2007,3034,"Maryland Medical Research Institute, Inc.",MD,.,0,6100,300,0,0,0,0,0,0,0,0,0,0,0,0,0,0,0,0,0,0,0,0,0,0,0,0,0,0,0,0,0
477,2007,3035,Cedars-Sinai Medical Center,CA,.,0,0,0,0,191800,0,0,0,0,0,0,0,0,0,0,0,0,0,0,0,0,0,0,0,0,0,0,0,0,0,0,0
478,2007,3037,Family Health International,NC,.,0,0,0,0,80000,0,0,0,0,0,0,0,0,0,0,0,0,0,0,0,0,0,0,0,0,0,0,0,0,0,0,0
479,2007,3038,Allegheny-Singer Research Institute,PA,.,0,70000,0,0,0,0,0,0,0,0,0,0,0,0,0,0,0,0,0,0,0,0,0,0,0,0,0,0,0,0,0,0
480,2007,3041,Monell Chemical Senses Center,PA,.,6635,47075,0,0,0,0,0,5600,9210,0,0,0,0,0,0,0,0,0,0,0,0,0,0,0,0,0,0,0,0,0,0,0
481,2007,3042,Dana-Farber Cancer Institute,MA,.,0,271204,0,0,0,0,0,0,0,0,0,0,0,44000000,0,0,0,0,0,0,0,0,0,0,0,0,44000000,44000000,0,0,8599750,8599750
482,2007,3043,Children's Research Institute,OH,.,0,144500,0,0,3000,0,0,0,1800,0,0,0,0,13300000,0,0,0,0,0,0,0,0,0,0,0,0,13300000,13300000,0,0,8250000,8250000
483,2007,3045,Children's Hospital of Philadelphia,PA,.,0,349354,0,0,0,0,0,0,0,0,0,0,0,516000,0,0,0,0,0,0,0,0,0,0,516000,0,0,516000,0,0,143000000,143000000
484,2007,3046,Children's Hospital,MA,.,0,220608,2892,0,64726,0,0,0,1479,0,0,0,0,41149421,0,0,0,0,0,0,0,0,0,0,0,0,41149421,41149421,0,0,0,0
485,2007,3047,"Children's Hospital Pittsburgh, UPMC Health System",PA,.,0,67672,0,0,0,0,0,0,0,0,0,0,0,0,0,0,0,0,0,0,0,0,0,0,0,0,0,0,115496,0,124084504,124200000
486,2007,3048,Children's Hospital and Research Center Oakland,CA,.,0,80000,0,0,1800,0,0,0,0,0,0,0,0,0,0,0,0,0,0,0,0,0,0,0,0,0,0,0,0,0,0,0
487,2007,3051,Children's Memorial Hospital,IL,.,0,45000,0,0,25000,0,0,0,2000,0,0,0,0,0,0,0,0,0,0,0,0,0,0,0,0,0,0,0,0,0,0,0
488,2007,3052,The Children's Mercy Hospital,MO,.,0,69000,100,0,3800,120,0,0,0,0,0,0,0,3098500,0,0,0,0,0,0,0,0,0,0,0,0,3098500,3098500,0,0,0,0
489,2007,3053,Children's Hospital and Regional Medical Center,WA,.,0,164000,0,0,31000,1000,0,0,3000,0,0,0,0,25000000,0,0,0,0,0,0,0,0,0,0,0,0,25000000,25000000,0,0,100000000,100000000
490,2007,3054,J. David Gladstone Institutes,CA,.,0,148096,0,0,0,0,0,0,0,0,0,0,0,0,0,0,0,0,0,0,0,0,0,0,0,0,0,0,0,0,0,0
491,2007,3057,New York State Psychiatric Institute,NY,.,0,52561,0,0,50920,0,0,0,16164,11203,0,0,0,2180000,0,0,2125500,0,0,0,708500,436000,0,0,0,5150000,300000,5450000,0,0,0,0
492,2007,3059,Institute for Basic Research in Developmental Disabilities,NY,.,0,112318,0,0,0,0,0,0,13248,0,0,0,0,0,0,0,0,0,0,0,0,0,0,0,0,0,0,0,0,0,0,0
493,2007,3063,Center for Molecular Medicine and Immunology,NJ,.,0,24137,91,0,0,0,0,0,0,0,0,0,0,0,0,0,0,0,0,0,0,0,0,0,0,0,0,0,0,0,0,0
494,2007,3064,Whitehead Institute for Biomedical Research,MA,.,0,96191,0,0,0,0,0,0,0,0,0,0,0,0,0,0,0,0,0,0,0,0,0,0,0,0,0,0,0,0,632000,632000
495,2007,3065,New York Blood Center,NY,.,0,62358,0,0,0,0,0,0,0,10084,0,0,0,0,0,0,0,0,0,0,0,0,0,0,0,0,0,0,0,0,0,0
496,2007,3066,Ernest Gallo Clinic and Research Center,CA,.,0,59614,0,0,0,0,0,0,0,0,0,0,0,653683,0,0,0,0,0,0,0,0,0,0,0,0,653683,653683,0,0,0,0
497,2007,3069,Smith-Kettlewell Eye Research Institute,CA,.,0,1557,663,2555,10559,150,0,0,1307,0,0,0,0,0,0,0,0,0,0,0,0,0,0,0,0,0,0,0,0,0,0,0
498,2007,3071,Pacific Institute for Research and Evaluation,MD,.,0,0,0,0,0,0,0,0,2252,7486,3900,0,0,0,0,0,0,0,0,0,0,0,0,0,0,0,0,0,0,0,0,0
499,2007,3072,McLean Hospital,MA,.,0,0,0,0,127500,0,0,0,0,0,0,0,0,0,0,0,6350000,0,0,0,0,0,0,0,3745238,0,2604762,6350000,0,0,0,0
500,2007,3073,St. Joseph's Hospital and Medical Center,AZ,.,0,15336,6100,3200,23250,3500,0,0,4000,0,0,0,0,0,0,0,0,0,0,0,0,0,0,0,0,0,0,0,0,0,0,0
501,2007,3075,Sun Health Research Institute,AZ,.,0,0,0,0,54300,0,0,0,0,0,0,0,0,0,0,0,0,0,0,0,0,0,0,0,0,0,0,0,0,0,5372000,5372000
502,2007,3077,Joslin Diabetes Center,MA,.,0,83368,1500,0,0,0,0,0,0,0,0,0,0,0,0,0,0,0,0,0,0,0,0,0,0,0,0,0,0,0,0,0
503,2007,3079,Minneapolis Medical Research Foundation,MN,.,0,0,0,0,69537,0,0,0,0,0,0,0,0,0,0,0,0,0,0,0,0,0,0,0,0,0,0,0,0,0,0,0
504,2007,3080,National Childhood Cancer Foundation,CA,.,0,0,10000,0,0,3000,0,0,0,0,0,0,0,0,0,0,0,0,0,0,0,0,0,0,0,0,0,0,0,0,0,0
505,2007,3081,"National Development and Research Institutes, Inc.",NY,.,0,0,0,0,0,0,0,0,0,50000,0,0,0,0,0,0,0,0,0,0,0,0,0,0,0,0,0,0,0,0,0,0
506,2007,3084,"Kennedy Krieger Research Institute, Inc.",MD,.,0,0,0,0,80882,0,0,0,0,0,0,0,0,0,0,0,0,0,0,0,0,0,0,0,0,0,0,0,0,0,0,0
507,2007,3085,Emma Pendleton Bradley Hospital,RI,.,0,0,0,0,0,0,0,0,12315,0,0,0,0,0,0,0,0,0,0,0,0,0,0,0,0,0,0,0,0,0,0,0
508,2007,3086,Torrey Pines Institute for Molecular Studies,CA,.,0,31921,0,0,0,0,0,6305,0,0,0,0,0,0,0,0,0,0,0,0,0,0,0,0,0,0,0,0,0,13365000,0,13365000
509,2007,3087,Doheny Eye Institute,CA,.,0,0,0,0,90306,0,0,0,0,0,0,0,0,0,0,0,0,0,0,0,0,0,0,0,0,0,0,0,0,0,0,0
510,2007,3089,Aaron Diamond AIDS Research Center,NY,.,0,12660,0,0,0,0,0,0,0,0,0,0,0,0,0,0,0,0,0,0,0,0,0,0,0,0,0,0,0,0,0,0
511,2007,3091,La Jolla Institute for Allergy and Immunology,CA,.,0,72793,0,0,0,0,0,0,0,0,0,0,0,0,0,0,0,0,0,0,0,0,0,0,0,0,0,0,0,0,0,0
512,2007,3092,"Los Angeles Biomedical Research Institute at Harbor, UCLA Medical Center",CA,.,0,250422,0,0,0,0,0,0,0,0,0,0,0,0,0,0,0,0,0,0,0,0,0,0,0,0,0,0,0,0,0,0
513,2007,3094,Forsyth Institute,MA,.,0,72830,0,0,0,0,0,0,0,0,0,0,0,0,0,0,0,0,0,0,0,0,0,0,0,0,0,0,0,0,0,0
514,2007,3096,"California Pacific Medical Center, Pacific Campus",CA,.,0,59300,0,0,0,0,0,0,0,0,0,0,0,0,0,0,0,0,0,0,0,0,0,0,0,0,0,0,0,0,0,0
515,2007,3098,Baylor Research Institute,TX,.,0,71829,0,0,51692,0,0,0,0,0,0,0,0,2523000,0,0,0,0,0,0,0,0,0,0,0,0,2523000,2523000,0,0,0,0
516,2007,3100,Winifred Masterson Burke Medical Research Institute,NY,.,0,13250,0,0,13250,0,0,0,0,0,0,0,0,0,0,0,0,0,0,0,0,0,0,0,0,0,0,0,0,0,0,0
517,2007,3101,Lankenau Institute for Medical Research,PA,.,0,48812,0,0,0,0,0,0,0,0,0,0,0,0,0,0,0,0,0,0,0,0,0,0,0,0,0,0,0,0,0,0
518,2007,3104,Center for Health Studies,WA,.,0,0,0,0,43578,0,0,0,0,0,0,0,0,0,0,0,0,0,0,0,0,0,0,0,0,0,0,0,0,0,0,0
519,2007,3105,Buck Institute for Age Research,CA,.,0,57750,2800,0,0,0,0,0,0,0,0,0,0,5443870,0,0,0,0,0,0,0,0,0,0,2900000,0,2543870,5443870,0,0,0,0
520,2007,3107,"Haskins Laboratories, Inc.",CT,.,0,1500,500,1000,0,0,0,0,3000,0,0,0,0,0,0,0,0,0,0,0,0,0,0,0,0,0,0,0,0,0,0,0
521,2007,3108,St. Elizabeth's Medical Center of Boston,MA,.,0,35000,2000,0,5000,0,0,0,0,0,0,0,0,300000,0,0,0,0,0,0,0,0,0,0,300000,0,0,300000,0,0,1000000,1000000
522,2007,3111,Hospital for Joint Diseases Orthopedic Institute,NY,.,0,11000,0,0,6000,0,0,0,0,0,0,0,0,1000000,0,0,0,0,0,0,0,0,0,0,0,0,1000000,1000000,0,0,0,0
523,2007,3114,Boston Medical Center,MA,.,0,0,0,0,174296,0,0,0,0,0,0,0,0,0,0,0,2547969,0,0,0,0,0,0,0,0,0,2547969,2547969,0,0,0,0
524,2007,3115,Via Christi Regional Medical Center-St. Francis Campus,KS,.,0,0,0,2763,21637,0,0,0,0,0,0,0,0,0,0,0,0,0,0,0,0,0,0,0,0,0,0,0,0,0,0,0
525,2007,3120,Roswell Park Cancer Institute Corporation,NY,.,0,245000,0,0,21651,0,0,0,0,0,0,0,0,0,0,0,0,0,0,0,0,0,0,0,0,0,0,0,0,0,0,0
526,2007,3123,Medstar Health Research Institute,MD,.,0,0,3000,0,54000,0,0,0,0,0,0,0,0,0,0,0,250000,0,0,0,0,0,0,0,0,0,250000,250000,0,0,0,0
527,2007,3124,Hospital for Special Surgery,NY,.,0,65200,0,0,0,0,0,0,0,0,0,0,0,0,0,0,0,0,0,0,0,0,0,0,0,0,0,0,0,0,0,0
528,2007,3125,Institute for Systems Biology,WA,.,0,42224,3479,0,0,160,0,0,0,0,0,0,0,0,0,0,0,0,0,0,0,0,0,0,0,0,0,0,0,0,0,0
529,2007,3129,Vaccine Research Institute of San Diego,CA,.,0,4600,0,0,0,0,0,0,0,0,0,0,0,0,0,0,0,0,0,0,0,0,0,0,0,0,0,0,0,0,0,0
530,2007,3130,Puget Sound Blood Center,WA,.,0,0,0,0,29449,0,0,0,0,0,0,0,0,0,0,0,460000,0,0,0,0,0,0,0,0,0,460000,460000,0,0,0,0
531,2007,3132,Cold Spring Harbor Laboratory,NY,.,15621,94261,3082,0,0,0,0,0,0,0,0,0,0,0,0,0,0,0,0,0,0,0,0,0,0,0,0,0,0,20000000,30000000,50000000
532,2007,3133,House Ear Institute,CA,.,8405,44751,1687,741,2130,100,0,0,0,0,0,0,0,0,0,0,0,0,0,0,0,0,0,0,0,0,0,0,0,0,20328000,20328000
533,2007,3134,Maine Medical Center,ME,.,0,60000,0,0,10000,0,0,0,10000,0,0,0,0,250000,0,0,0,0,0,0,0,0,0,0,250000,0,0,250000,0,0,13000000,13000000
534,2007,3136,Marshfield Clinic,WI,.,0,39272,0,0,9956,0,0,0,0,0,0,0,0,0,0,0,0,0,0,0,0,0,0,0,0,0,0,0,6422680,0,0,6422680
535,2007,3137,Massachusetts Eye and Ear Infirmary,MA,.,0,86720,0,0,0,0,0,0,0,0,0,0,0,0,0,0,0,0,0,0,0,0,0,0,0,0,0,0,0,0,0,0
536,2007,3138,Massachusetts General Hospital,MA,.,0,1053542,6487,21678,0,0,0,0,0,0,0,0,0,21000000,0,0,0,0,0,0,0,0,0,0,0,0,21000000,21000000,3000000,0,0,3000000
537,2007,3139,Hauptman-Woodward Medical Research Institute,NY,.,0,23000,1800,0,0,0,0,0,0,0,0,0,0,0,0,0,0,0,0,0,0,0,0,0,0,0,0,0,0,0,0,0
538,2007,3140,Memorial Hospital of Rhode Island,RI,.,0,220,550,0,19564,1648,0,0,0,0,0,0,0,0,0,0,0,0,0,0,0,0,0,0,0,0,0,0,0,0,0,0
539,2007,3141,Sloan-Kettering Institute for Cancer Research,NY,.,0,362219,0,0,0,0,0,0,0,0,0,0,0,1542803,0,0,0,0,0,0,0,0,0,0,0,0,1542803,1542803,0,0,122000000,122000000
540,2007,3142,Midwest Research Institute,MO,.,27000,40000,0,36000,0,0,0,40000,0,0,0,0,300000,5600000,0,3900000,0,0,0,5200000,0,0,0,0,0,0,15000000,15000000,0,0,0,0
541,2007,3143,BloodCenter of Wisconsin,WI,.,0,55000,0,0,0,0,0,0,0,0,0,0,0,0,0,0,0,0,0,0,0,0,0,0,0,0,0,0,0,0,0,0
542,2007,3144,Miriam Hospital,RI,.,0,0,0,0,15000,0,0,0,45000,0,0,0,0,0,0,0,0,0,0,0,0,0,0,0,0,0,0,0,0,0,0,0
543,2007,3145,Montefiore Medical Center,NY,.,0,0,0,0,42000,0,0,0,0,0,0,0,0,0,0,0,500000,0,0,0,0,0,0,0,0,0,500000,500000,0,0,0,0
544,2007,3146,Mount Desert Island Biological Laboratory,ME,.,0,12566,0,0,0,0,0,0,0,0,0,0,0,0,0,0,0,0,0,0,0,0,0,0,0,0,0,0,0,731956,2917334,3649290
545,2007,3148,National Jewish Medical and Research Center,CO,.,0,36967,0,0,103742,0,0,0,0,0,0,0,0,1750000,0,0,2800000,0,0,0,0,0,0,0,0,0,4550000,4550000,0,0,0,0
546,2007,3152,Oklahoma Medical Research Foundation,OK,.,0,288313,2614,0,6543,0,0,0,0,0,0,0,0,0,0,0,0,0,0,0,0,0,0,0,0,0,0,0,338425,0,1384554,1722979
547,2007,3153,Oregon Research Institute,OR,.,0,0,0,0,0,0,0,0,36000,0,0,0,0,0,0,0,0,0,0,0,0,0,0,0,0,0,0,0,0,0,0,0
548,2007,3156,Huntington Medical Research Institutes,CA,.,0,0,0,0,25000,0,0,0,0,0,0,0,0,0,0,0,0,0,0,0,0,0,0,0,0,0,0,0,0,0,0,0
549,2007,3159,The Immune Disease Institute,MA,.,0,72841,0,0,0,0,0,0,0,0,0,0,0,641000,0,0,0,0,0,0,0,0,0,0,0,0,641000,641000,0,0,14600000,14600000
550,2007,3160,Women and Infants Hospital,RI,.,0,0,0,0,38359,0,0,0,14192,0,0,0,0,0,0,0,0,0,0,0,666340,0,0,0,0,0,666340,666340,0,0,0,0
551,2007,3161,Rand Corporation,CA,.,0,0,0,0,0,0,0,0,0,0,112000,0,0,0,0,0,0,0,0,0,0,0,700000,0,0,0,700000,700000,0,0,0,0
552,2007,3164,Schepens Eye Research Institute,MA,.,0,80800,0,0,440,0,0,0,0,0,0,0,0,0,0,0,0,0,0,0,0,0,0,0,0,0,0,0,0,0,0,0
553,2007,3165,Rhode Island Hospital,RI,.,0,0,0,0,135000,0,0,0,22000,0,0,0,0,0,0,0,2000000,0,0,0,0,0,0,0,0,0,2000000,2000000,0,0,0,0
554,2007,3166,Roger Williams Medical Center,RI,.,0,47690,0,0,3000,0,0,0,0,0,0,0,0,300000,0,0,0,0,0,0,0,0,0,0,0,0,300000,300000,0,0,0,0
555,2007,3167,Jackson Laboratory,ME,.,0,184460,0,0,0,0,0,0,0,0,0,0,0,6501325,0,0,0,0,0,0,0,0,0,0,700000,0,5801325,6501325,0,0,0,0
556,2007,3168,Salk Institute for Biological Studies,CA,.,18373,183074,2405,0,0,0,0,0,0,0,0,0,0,0,0,0,0,0,0,0,0,0,0,0,0,0,0,0,0,0,0,0
557,2007,3169,Scripps Research Institute,CA,.,0,1062803,0,0,0,0,0,0,0,0,0,0,0,9263673,0,0,0,0,0,0,0,0,0,0,0,0,9263673,9263673,0,211751957,40136152,251888109
558,2007,3170,Coriell Institute for Medical Research,NJ,.,0,66000,0,0,0,0,0,0,0,0,0,0,0,0,0,0,0,0,0,0,0,0,0,0,0,0,0,0,0,0,0,0
559,2007,3171,Southern Research Institute,AL,.,0,360000,0,80000,0,0,15000,0,0,0,0,0,0,0,0,0,0,0,0,0,0,0,0,0,0,0,0,0,0,0,0,0
560,2007,3172,Southwest Foundation for Biomedical Research,TX,.,0,346786,0,0,0,0,0,0,0,0,0,0,0,0,0,0,0,0,0,0,0,0,0,0,0,0,0,0,658426,0,0,658426
561,2007,3173,St. Jude Children's Research Hospital,TN,.,0,231565,0,0,145803,0,0,32507,3672,0,0,0,0,284000,0,0,498000,0,0,0,0,0,0,0,0,0,782000,782000,0,0,420000,420000
562,2007,3174,SRI International,CA,.,0,112000,34000,132000,0,0,58000,58000,0,49000,0,0,0,250000,0,350000,0,0,0,0,0,0,0,0,0,0,600000,600000,0,0,0,0
563,2007,3176,"Trudeau Institute, Inc.",NY,.,0,48310,0,0,0,0,0,0,0,0,0,0,0,0,0,0,0,0,0,0,0,0,0,0,0,0,0,0,0,0,0,0
564,2007,3177,Benaroya Research Institute at Virginia Mason,WA,.,0,47754,0,0,0,0,0,0,0,0,0,0,0,3800000,0,0,0,0,0,0,0,0,0,0,0,0,3800000,3800000,0,0,0,0
565,2007,3178,Wistar Institute,PA,.,0,87500,0,0,0,0,0,0,0,0,0,0,0,1200000,0,0,0,0,0,0,0,0,0,0,0,0,1200000,1200000,0,0,0,0
566,2007,3179,Pacific Health Research Institute,HI,.,0,0,0,0,4500,0,0,0,0,0,0,0,0,0,0,0,0,0,0,0,0,0,0,0,0,0,0,0,0,0,0,0
567,2007,3180,Hebrew SeniorLife,MA,.,0,0,0,0,6983,0,0,0,0,5661,0,0,0,0,0,0,0,0,0,0,0,0,0,0,0,0,0,0,0,0,0,0
568,2007,4002,Arkansas Children's Hospital Research Institute,AR,.,0,144538,0,0,0,0,0,0,0,0,0,0,0,0,0,0,0,0,0,0,0,0,0,0,0,0,0,0,0,0,0,0
569,2007,4007,Legacy Emanuel Hospital and Health Center,OR,.,0,13425,0,2050,28672,0,0,0,0,0,0,0,0,0,0,0,0,0,0,0,0,0,0,0,0,0,0,0,0,0,0,0
570,2007,4009,Children's National Medical Center,DC,.,0,15890,0,0,2750,0,0,0,500,0,0,0,0,362750,0,0,0,0,0,0,0,0,0,0,0,0,362750,362750,0,0,7644000,7644000
571,2007,4012,Ludwig Institute for Cancer Research,CA,.,0,18935,0,0,0,0,0,0,0,0,0,0,0,0,0,0,0,0,0,0,0,0,0,0,0,0,0,0,0,0,0,0
572,2007,4013,"JAEB Center for Health Research, Inc.",FL,.,0,0,0,0,18000,0,0,0,0,0,0,0,0,0,0,0,0,0,0,0,0,0,0,0,0,0,0,0,0,0,0,0
573,2007,4017,H. Lee Moffitt Cancer Center and Research Institute,FL,.,0,182420,0,0,0,0,0,4482,0,15425,0,0,0,2244571,0,0,0,0,0,1264612,0,0,0,0,0,0,3509183,3509183,0,0,0,0
574,2007,4018,NorthShore University HealthSystem,IL,.,0,95743,0,0,1694,0,0,0,0,0,17038,0,0,0,0,0,0,0,0,0,0,0,0,0,0,0,0,0,0,0,0,0
575,2007,4020,The Feinstein Institute for Medical Research,NY,.,0,114000,0,0,0,5000,0,0,15000,0,0,0,0,2500000,0,0,0,0,0,0,0,0,0,0,0,0,2500000,2500000,0,0,0,0
576,2007,4021,Stowers Institute for Medical Research,MO,.,0,153806,0,0,0,0,0,0,0,0,0,0,0,1383305,0,0,0,0,0,0,0,0,0,0,0,0,1383305,1383305,0,0,0,0
577,2007,4024,La Jolla Bioengineering Institute,CA,.,0,9000,0,0,0,0,0,0,0,0,0,0,0,0,0,0,0,0,0,0,0,0,0,0,0,0,0,0,0,0,0,0
578,2007,4026,St. Luke's-Roosevelt Institute for Health Sciences,NY,.,0,0,0,0,80000,0,0,0,0,0,0,0,0,0,0,0,0,0,0,0,0,0,0,0,0,0,0,0,0,0,0,0
579,2007,4028,Kaiser Permanente-Division of Research,CA,.,0,0,2000,0,100000,0,0,0,0,0,0,0,0,0,0,0,0,0,0,0,0,0,0,0,0,0,0,0,0,0,0,0
580,2007,4029,Kaiser Permanente-Center for Health Research,OR,.,0,15000,7000,0,7000,7000,0,0,7000,2000,0,0,0,0,0,0,0,0,0,0,0,0,0,0,0,0,0,0,0,0,0,0
581,2007,4030,Hektoen Institute-Core Center,IL,.,0,0,0,0,667,0,0,0,450,0,0,0,0,0,0,0,0,0,0,0,0,0,0,0,0,0,0,0,0,0,0,0
582,2007,4031,Mayo Clinic College of Medicine,MN,.,0,253330,4587,15179,454260,0,0,0,1411,0,0,724235,0,25515000,0,2094000,1055000,0,0,0,0,0,0,28664000,0,0,28664000,28664000,2310000,0,6130000,8440000
583,2007,4033,Mayo Clinic-Jacksonville,FL,.,0,43500,0,0,0,0,0,0,0,0,0,0,0,0,0,0,0,0,0,0,0,0,0,0,0,0,0,0,0,0,250000,250000
584,2007,6001,Henry Ford Health System,MI,.,0,257227,0,0,3074,33060,0,0,0,0,0,0,0,0,0,0,0,0,0,0,0,0,0,0,0,0,0,0,0,0,0,0
585,2007,6003,Biomedical Research Institute,MD,.,0,57000,0,0,0,0,0,0,0,0,0,0,0,0,0,0,0,0,0,0,0,0,0,0,0,0,0,0,0,0,0,0
586,2007,6005,CIIT Centers for Health Research,NC,.,0,63335,0,0,0,0,0,0,0,0,0,0,0,0,0,0,0,0,0,0,0,0,0,0,0,0,0,0,0,0,0,0
587,2007,6006,Alfred I. duPont Hospital for Children,DE,.,8000,32684,0,1393,1227,0,0,0,0,0,0,0,0,5091462,0,0,0,0,0,0,0,0,0,0,519221,0,4572241,5091462,0,0,0,0
588,2007,6007,William Beaumont Hospital Research Institute,MI,.,0,0,0,0,75374,0,0,0,0,0,0,0,0,0,0,0,0,0,0,0,0,0,0,0,0,0,0,0,0,0,0,0
589,2007,6009,St. Joseph Mercy Health System,MI,.,0,0,0,0,11934,0,0,0,0,0,0,0,0,0,0,0,0,0,0,0,0,0,0,0,0,0,0,0,0,0,0,0
590,2007,6010,Spaulding Rehabilitation Hospital,MA,.,0,0,0,0,248784,0,0,0,0,0,0,0,0,0,0,0,0,0,0,0,0,0,0,0,0,0,0,0,0,0,0,0
591,2007,6012,Health Partners Research Foundation,MN,.,0,2361,0,0,2361,0,0,0,0,0,0,0,0,0,0,0,0,0,0,0,0,0,0,0,0,0,0,0,0,0,0,0
592,2007,6013,The Molecular Sciences Institute,CA,.,0,4400,2000,0,0,0,0,0,0,0,0,0,0,0,0,0,0,0,0,0,0,0,0,0,0,0,0,0,0,0,0,0
593,2007,6014,Van Andel Research Institute,MI,.,0,48912,0,0,0,0,0,0,0,0,0,0,0,0,0,0,0,0,0,0,0,0,0,0,0,0,0,0,0,0,110440282,110440282
594,2007,6016,Wicell Research Institute,WI,.,0,15178,0,0,0,0,0,0,0,0,0,0,0,0,0,0,0,0,0,0,0,0,0,0,0,0,0,0,0,0,0,0
595,2007,6020,Queen's Medical Center,HI,.,0,6926,0,0,1536,0,0,0,0,0,0,0,0,0,0,0,0,0,0,0,0,0,0,0,0,0,0,0,0,0,0,0
596,2007,6021,Rehabilitation Institute of Chicago,IL,.,0,18000,600,2500,800,0,0,0,0,0,0,0,0,0,0,0,0,0,0,0,0,0,0,0,0,0,0,0,0,0,0,0
597,2007,6022,"Ordway Research Institute, Inc.",NY,.,0,64104,0,0,0,0,0,0,0,0,0,0,0,0,0,0,0,0,0,0,0,0,0,0,0,0,0,0,0,0,0,0
598,2007,6023,"Swedish Medical Center, First Hill",WA,.,0,13689,0,0,18150,0,0,0,0,0,0,0,0,0,0,0,0,0,0,0,0,0,0,0,0,0,0,0,0,0,806218,806218
599,2007,6025,J. Craig Venter Institute,MD,.,0,101421,0,0,0,0,0,0,0,0,0,0,0,0,0,0,0,0,0,0,0,0,0,0,0,0,0,0,0,0,0,0
600,2007,6026,Kaiser Permanente-Clinical Research Unit,CO,.,0,0,0,0,34923,0,0,0,0,0,0,0,0,0,0,0,0,0,0,0,0,0,0,0,0,0,0,0,0,0,0,0
601,2007,6069,Children's Hospital Los Angeles,CA,.,0,120240,0,0,10560,0,0,0,0,0,0,0,0,2800000,0,0,0,0,0,0,0,0,3050000,0,0,1983000,3867000,5850000,0,0,0,0
602,2007,6072,Children's Hospital New Orleans,LA,.,0,20125,1405,0,1155,0,0,0,0,0,0,0,0,0,0,0,0,0,0,0,0,0,0,0,0,0,0,0,0,0,0,0
603,2007,6079,City of Hope Beckman Research Institute,CA,.,0,363079,0,0,0,0,0,0,0,0,0,0,0,27214287,0,0,0,0,0,0,0,0,0,0,0,0,27214287,27214287,0,0,75985547,75985547
604,2007,6080,Hackensack University Medical Center,NJ,.,0,48114,0,0,4800,0,0,0,0,0,0,0,0,0,0,0,0,0,0,0,0,0,0,0,0,0,0,0,0,0,0,0
605,2007,6081,Hartford Hospital,CT,.,0,3000,0,0,0,0,0,0,30000,0,5000,0,0,0,0,0,0,0,0,0,0,0,0,0,0,0,0,0,0,0,0,0
606,2007,6082,Scientific Analysis Corporation,CA,.,0,0,0,0,0,1200,0,0,0,4000,0,0,0,0,0,0,0,0,0,0,0,0,0,0,0,0,0,0,0,0,0,0
607,2007,6090,Utah Artificial Heart Institute,UT,.,0,7000,0,15000,0,0,0,0,0,0,0,0,0,0,0,0,0,0,0,0,0,0,0,0,0,0,0,0,0,0,0,0
608,2007,6091,New York Structural Biology Center,NY,.,1214,41942,0,0,0,243,0,1518,0,0,0,0,0,0,0,0,0,0,0,0,0,0,0,0,0,0,0,0,0,0,0,0
609,2007,6097,Scott And White Memorial Hospital,TX,.,0,0,0,0,9000,0,0,0,0,0,0,0,0,0,0,0,0,0,0,0,0,0,0,0,0,0,0,0,0,0,2680000,2680000
610,2007,6099,Kaiser Permanente-Research And Evaluation,CA,.,0,0,0,0,14738,0,0,0,0,0,0,0,0,0,0,0,0,0,0,0,0,0,0,0,0,0,0,0,0,0,0,0
611,2007,6100,Kaiser Permanente-Center For Research,HI,.,0,0,0,0,1857,0,0,0,3096,0,1239,0,0,0,0,0,0,0,0,0,0,0,0,0,0,0,0,0,0,0,0,0
